주문번호,제품번호,단가,주문수량,할인율
H0248,11,1400,12,0
H0248,42,1000,10,0
H0248,72,3500,5,0
H0249,14,1900,9,0
H0249,51,4200,40,0
H0250,41,800,10,0
H0250,51,4200,35,0.150000006
H0250,65,1700,15,0.150000006
H0251,22,1700,6,0.050000001
H0251,57,1600,15,0.050000001
H0251,65,1700,20,0
H0252,20,6500,40,0.050000001
H0252,33,200,25,0.050000001
H0252,60,2700,40,0
H0253,31,1000,20,0
H0253,39,1400,42,0
H0253,49,1600,40,0
H0254,24,400,15,0.150000006
H0254,55,1900,21,0.150000006
H0254,74,800,21,0
H0255,2,1500,20,0
H0255,16,1400,35,0
H0255,36,1500,25,0
H0255,59,4400,30,0
H0256,53,2600,15,0
H0256,77,1000,12,0
H0257,27,3500,25,0
H0257,39,1400,6,0
H0257,77,1000,15,0
H0258,2,1500,50,0.200000003
H0258,5,1700,65,0.200000003
H0258,32,2600,6,0.200000003
H0259,21,800,10,0
H0259,37,2100,1,0
H0260,41,800,16,0.25
H0260,57,1600,50,0
H0260,62,3900,15,0.25
H0260,70,1200,21,0.25
H0261,21,800,20,0
H0261,35,1400,20,0
H0262,5,1700,12,0.200000003
H0262,7,2400,15,0
H0262,56,3000,2,0
H0263,16,1400,60,0.25
H0263,24,400,28,0
H0263,30,2100,60,0.25
H0263,74,800,36,0.25
H0264,2,1500,35,0
H0264,41,800,25,0.150000006
H0265,17,3100,30,0
H0265,70,1200,20,0
H0266,12,3000,12,0.050000001
H0267,40,1500,50,0
H0267,59,4400,70,0.150000006
H0267,76,1400,15,0.150000006
H0268,29,9900,10,0
H0268,72,2800,4,0
H0269,33,200,60,0.050000001
H0269,72,2800,20,0.050000001
H0270,36,1500,30,0
H0270,43,3700,25,0
H0271,33,200,24,0
H0272,20,6500,6,0
H0272,31,1000,40,0
H0272,72,2800,24,0
H0273,10,2500,24,0.050000001
H0273,31,1000,15,0.050000001
H0273,33,200,20,0
H0273,40,1500,60,0.050000001
H0273,76,1400,33,0.050000001
H0274,71,1700,20,0
H0274,72,2800,7,0
H0275,24,400,12,0.050000001
H0275,59,4400,6,0.050000001
H0276,10,2500,15,0
H0276,13,500,10,0
H0277,28,3600,20,0
H0277,62,3900,12,0
H0278,44,1600,16,0
H0278,59,4400,15,0
H0278,63,3500,8,0
H0278,73,1200,25,0
H0279,17,3100,15,0.25
H0280,24,400,12,0
H0280,55,1900,20,0
H0280,75,600,30,0
H0281,19,700,1,0
H0281,24,400,6,0
H0281,35,1400,4,0
H0282,30,2100,6,0
H0282,57,1600,2,0
H0283,15,1200,20,0
H0283,19,700,18,0
H0283,60,2700,35,0
H0283,72,2800,3,0
H0284,27,3500,15,0.25
H0284,44,1600,21,0
H0284,60,2700,20,0.25
H0284,67,1100,5,0.25
H0285,1,1400,45,0.200000003
H0285,40,1500,40,0.200000003
H0285,53,2600,36,0.200000003
H0286,35,1400,100,0
H0286,62,3900,40,0
H0287,16,1400,40,0.150000006
H0287,34,1100,20,0
H0287,46,1000,15,0.150000006
H0288,54,600,10,0.100000001
H0288,68,1000,3,0.100000001
H0289,3,800,30,0
H0289,64,2700,9,0
H0290,5,1700,20,0
H0290,29,9900,15,0
H0290,49,1600,15,0
H0290,77,1000,10,0
H0291,13,500,20,0.100000001
H0291,44,1600,24,0.100000001
H0291,51,4200,2,0.100000001
H0292,20,6500,20,0
H0293,18,5000,12,0
H0293,24,400,10,0
H0293,63,3500,5,0
H0293,75,600,6,0
H0294,1,1400,18,0
H0294,17,3100,15,0
H0294,43,3700,15,0
H0294,60,2700,21,0
H0294,75,600,6,0
H0295,56,3000,4,0
H0296,11,1700,12,0
H0296,16,1400,30,0
H0296,69,2900,15,0
H0297,39,1400,60,0
H0297,72,2800,20,0
H0298,2,1500,40,0
H0298,36,1500,40,0.25
H0298,59,4400,30,0.25
H0298,62,3900,15,0
H0299,19,700,15,0
H0299,70,1200,20,0
H0300,66,1400,30,0
H0300,68,1000,20,0
H0301,40,1500,10,0
H0301,56,3000,20,0
H0302,17,3100,40,0
H0302,28,3600,28,0
H0302,43,3700,12,0
H0303,40,1500,40,0.100000001
H0303,65,1700,30,0.100000001
H0303,68,1000,15,0.100000001
H0304,49,1600,30,0
H0304,59,4400,10,0
H0304,71,1700,2,0
H0305,18,5000,25,0.100000001
H0305,29,9900,25,0.100000001
H0305,39,1400,30,0.100000001
H0306,30,2100,10,0
H0306,53,2600,10,0
H0306,54,600,5,0
H0307,62,3900,10,0
H0307,68,1000,3,0
H0308,69,2900,1,0
H0308,70,1200,5,0
H0309,4,1800,20,0
H0309,6,2000,30,0
H0309,42,1100,2,0
H0309,43,3700,20,0
H0309,71,1700,3,0
H0310,16,1400,10,0
H0310,62,3900,5,0
H0311,42,1100,6,0
H0311,69,2900,7,0
H0312,28,3600,4,0
H0312,43,3700,24,0
H0312,53,2600,20,0
H0312,75,600,10,0
H0313,36,1500,12,0
H0314,32,2600,40,0.100000001
H0314,58,1100,30,0.100000001
H0314,62,3900,25,0.100000001
H0315,34,1100,14,0
H0315,70,1200,30,0
H0316,41,800,10,0
H0316,62,3900,70,0
H0317,1,1400,20,0
H0318,41,800,20,0
H0318,76,1400,6,0
H0319,17,3100,8,0
H0319,28,3600,14,0
H0319,76,1400,30,0
H0320,71,1700,30,0
H0321,35,1400,10,0
H0322,52,600,20,0
H0323,15,1200,5,0
H0323,25,1100,4,0
H0323,39,1400,4,0
H0324,16,1400,21,0.150000006
H0324,35,1400,70,0.150000006
H0324,46,1000,30,0
H0324,59,4400,40,0.150000006
H0324,63,3500,80,0.150000006
H0325,6,2000,6,0
H0325,13,500,12,0
H0325,14,1900,9,0
H0325,31,1000,4,0
H0325,72,2800,40,0
H0326,4,1800,24,0
H0326,57,1600,16,0
H0326,75,600,50,0
H0327,2,1500,25,0.200000003
H0327,11,1700,50,0.200000003
H0327,30,2100,35,0.200000003
H0327,58,1100,30,0.200000003
H0328,59,4400,9,0
H0328,65,1700,40,0
H0328,68,1000,10,0
H0329,19,700,10,0.050000001
H0329,30,2100,8,0.050000001
H0329,38,21100,20,0.050000001
H0329,56,3000,12,0.050000001
H0330,26,2500,50,0.150000006
H0330,72,2800,25,0.150000006
H0331,54,600,15,0
H0332,18,5000,40,0.200000003
H0332,42,1100,10,0.200000003
H0332,47,800,16,0.200000003
H0333,14,1900,10,0
H0333,21,800,10,0.100000001
H0333,71,1700,40,0.100000001
H0334,52,600,8,0
H0334,68,1000,10,0
H0335,2,1500,7,0.200000003
H0335,31,1000,25,0.200000003
H0335,32,2600,6,0.200000003
H0335,51,4200,48,0.200000003
H0336,4,1800,18,0.100000001
H0337,23,700,40,0
H0337,26,2500,24,0
H0337,36,1500,20,0
H0337,37,2100,28,0
H0337,72,2800,25,0
H0338,17,3100,20,0
H0338,30,2100,15,0
H0339,4,1800,10,0
H0339,17,3100,70,0.050000001
H0339,62,3900,28,0
H0340,18,5000,20,0.050000001
H0340,41,800,12,0.050000001
H0340,43,3700,40,0.050000001
H0341,33,200,8,0
H0341,59,4400,9,0.150000006
H0342,2,1500,24,0.200000003
H0342,31,1000,56,0.200000003
H0342,36,1500,40,0.200000003
H0342,55,1900,40,0.200000003
H0343,64,2700,50,0
H0343,68,1000,4,0.050000001
H0343,76,1400,15,0
H0344,4,1800,35,0
H0344,8,3200,70,0.25
H0345,8,3200,70,0
H0345,19,700,80,0
H0345,42,1100,9,0
H0346,17,3100,36,0.100000001
H0346,56,3000,20,0
H0347,25,1100,10,0
H0347,39,1400,50,0.150000006
H0347,40,1500,4,0
H0347,75,600,6,0.150000006
H0348,1,1400,15,0.150000006
H0348,23,700,25,0
H0349,54,600,24,0
H0350,50,1300,15,0.100000001
H0350,69,2900,18,0.100000001
H0351,38,21100,20,0.050000001
H0351,41,800,13,0
H0351,44,1600,77,0.050000001
H0351,65,1700,10,0.050000001
H0352,24,400,10,0
H0352,54,600,20,0.150000006
H0353,11,1700,12,0.200000003
H0353,38,21100,50,0.200000003
H0354,1,1400,12,0
H0354,29,9900,4,0
H0355,24,400,25,0
H0355,57,1600,25,0
H0356,31,1000,30,0
H0356,55,1900,12,0
H0356,69,2900,20,0
H0357,10,2500,30,0.200000003
H0357,26,2500,16,0
H0357,60,2700,8,0.200000003
H0358,24,400,10,0.050000001
H0358,34,1100,10,0.050000001
H0358,36,1500,20,0.050000001
H0359,16,1400,56,0.050000001
H0359,31,1000,70,0.050000001
H0359,60,2700,80,0.050000001
H0360,28,3600,30,0
H0360,29,9900,35,0
H0360,38,21100,10,0
H0360,49,1600,35,0
H0360,54,600,28,0
H0361,39,1400,54,0.100000001
H0361,60,2700,55,0.100000001
H0362,25,1100,50,0
H0362,51,4200,20,0
H0362,54,600,24,0
H0363,31,1000,20,0
H0363,75,600,12,0
H0363,76,1400,12,0
H0364,69,2900,30,0
H0364,71,1700,5,0
H0365,11,1700,24,0
H0366,65,1700,5,0
H0366,77,1000,5,0
H0367,34,1100,36,0
H0367,54,600,18,0
H0367,65,1700,15,0
H0367,77,1000,7,0
H0368,21,800,5,0.100000001
H0368,28,3600,13,0.100000001
H0368,57,1600,25,0
H0368,64,2700,35,0.100000001
H0369,29,9900,20,0
H0369,56,3000,18,0.25
H0370,1,1400,15,0.150000006
H0370,64,2700,30,0
H0370,74,800,20,0.150000006
H0371,36,1500,6,0.200000003
H0372,20,6500,12,0.25
H0372,38,21100,40,0.25
H0372,60,2700,70,0.25
H0372,72,2800,42,0.25
H0373,58,1100,80,0.200000003
H0373,71,1700,50,0.200000003
H0374,31,1000,30,0
H0374,58,1100,15,0
H0375,14,1900,15,0
H0375,54,600,10,0
H0376,31,1000,42,0.050000001
H0377,28,3600,20,0.150000006
H0377,39,1400,20,0.150000006
H0378,71,1700,6,0
H0379,41,800,8,0.100000001
H0379,63,3500,16,0.100000001
H0379,65,1700,20,0.100000001
H0380,30,2100,18,0.100000001
H0380,53,2600,20,0.100000001
H0380,60,2700,6,0.100000001
H0380,70,1200,30,0
H0381,74,800,14,0
H0382,5,1700,32,0
H0382,18,5000,9,0
H0382,29,9900,14,0
H0382,33,200,60,0
H0382,74,800,50,0
H0383,13,500,20,0
H0383,50,1300,15,0
H0383,56,3000,20,0
H0384,20,6500,28,0
H0384,60,2700,15,0
H0385,7,2400,10,0.200000003
H0385,60,2700,20,0.200000003
H0385,68,1000,8,0.200000003
H0386,24,400,15,0
H0386,34,1100,10,0
H0387,24,400,15,0
H0387,28,3600,6,0
H0387,59,4400,12,0
H0387,71,1700,15,0
H0388,45,800,15,0.200000003
H0388,52,600,20,0.200000003
H0388,53,2600,40,0
H0389,10,2500,16,0
H0389,55,1900,15,0
H0389,62,3900,20,0
H0389,70,1200,30,0
H0390,31,1000,60,0.100000001
H0390,35,1400,40,0.100000001
H0390,46,1000,45,0
H0390,72,2800,24,0.100000001
H0391,13,500,18,0
H0392,69,2900,50,0
H0393,2,1500,25,0.25
H0393,14,1900,42,0.25
H0393,25,1100,7,0.25
H0393,26,2500,70,0.25
H0393,31,1000,32,0
H0394,13,500,10,0
H0394,62,3900,10,0
H0395,46,1000,28,0.100000001
H0395,53,2600,70,0.100000001
H0395,69,2900,8,0
H0396,23,700,40,0
H0396,71,1700,60,0
H0396,72,2800,21,0
H0397,21,800,10,0.150000006
H0397,51,4200,18,0.150000006
H0398,35,1400,30,0
H0398,55,1900,120,0.100000001
H0399,68,1000,60,0
H0399,71,1700,30,0
H0399,76,1400,35,0
H0399,77,1000,14,0
H0400,29,9900,21,0
H0400,35,1400,35,0
H0400,49,1600,30,0
H0401,30,2100,18,0
H0401,56,3000,70,0
H0401,65,1700,20,0
H0401,71,1700,60,0
H0402,23,700,60,0
H0402,63,3500,65,0
H0403,16,1400,21,0.150000006
H0403,48,1000,70,0.150000006
H0404,26,2500,30,0.050000001
H0404,42,1100,40,0.050000001
H0404,49,1600,30,0.050000001
H0405,3,800,50,0
H0406,1,1400,10,0
H0406,21,800,30,0.100000001
H0406,28,3600,42,0.100000001
H0406,36,1500,5,0.100000001
H0406,40,1500,2,0.100000001
H0407,11,1700,30,0
H0407,69,2900,15,0
H0407,71,1700,15,0
H0408,37,2100,10,0
H0408,54,600,6,0
H0408,62,3900,35,0
H0409,14,1900,12,0
H0409,21,800,12,0
H0410,33,200,49,0
H0410,59,4400,16,0
H0411,41,800,25,0.200000003
H0411,44,1600,40,0.200000003
H0411,59,4400,9,0.200000003
H0412,14,1900,20,0.100000001
H0413,1,1400,24,0
H0413,62,3900,40,0
H0413,76,1400,14,0
H0414,19,700,18,0.050000001
H0414,33,200,50,0
H0415,17,3100,2,0
H0415,33,200,20,0
H0416,19,700,20,0
H0416,53,2600,10,0
H0416,57,1600,20,0
H0417,38,21100,50,0
H0417,46,1000,2,0.25
H0417,68,1000,36,0.25
H0417,77,1000,35,0
H0418,2,1500,60,0
H0418,47,800,55,0
H0418,61,2300,16,0
H0418,74,800,15,0
H0419,60,2700,60,0.050000001
H0419,69,2900,20,0.050000001
H0420,9,7800,20,0.100000001
H0420,13,500,2,0.100000001
H0420,70,1200,8,0.100000001
H0420,73,1200,20,0.100000001
H0421,19,700,4,0.150000006
H0421,26,2500,30,0
H0421,53,2600,15,0.150000006
H0421,77,1000,10,0.150000006
H0422,26,2500,2,0
H0423,31,1000,14,0
H0423,59,4400,20,0
H0424,35,1400,60,0.200000003
H0424,38,21100,49,0.200000003
H0424,68,1000,30,0.200000003
H0425,55,1900,10,0.25
H0425,76,1400,20,0.25
H0426,56,3000,5,0
H0426,64,2700,7,0
H0427,14,1900,35,0
H0428,46,1000,20,0
H0429,50,1300,40,0
H0429,63,3500,35,0.25
H0430,17,3100,45,0.200000003
H0430,21,800,50,0
H0430,56,3000,30,0
H0430,59,4400,70,0.200000003
H0431,17,3100,50,0.25
H0431,40,1500,50,0.25
H0431,47,800,30,0.25
H0432,26,2500,10,0
H0432,54,600,40,0
H0433,56,3000,28,0
H0434,11,1700,6,0
H0434,76,1400,18,0.150000006
H0435,2,1500,10,0
H0435,22,1700,12,0
H0435,72,2800,10,0
H0436,46,1000,5,0
H0436,56,3000,40,0.100000001
H0436,64,2700,30,0.100000001
H0436,75,600,24,0.100000001
H0437,53,2600,15,0
H0438,19,700,15,0.200000003
H0438,34,1100,20,0.200000003
H0438,57,1600,15,0.200000003
H0439,12,3000,15,0
H0439,16,1400,16,0
H0439,64,2700,6,0
H0439,74,800,30,0
H0440,2,1500,45,0.150000006
H0440,16,1400,49,0.150000006
H0440,29,9900,24,0.150000006
H0440,61,2300,90,0.150000006
H0441,27,3500,50,0
H0442,11,1700,30,0
H0442,54,600,80,0
H0442,66,1400,60,0
H0443,11,1700,6,0.200000003
H0443,28,3600,12,0
H0444,17,3100,10,0
H0444,26,2500,15,0
H0444,35,1400,8,0
H0444,41,800,30,0
H0445,39,1400,6,0
H0445,54,600,15,0
H0446,19,700,12,0.100000001
H0446,24,400,20,0.100000001
H0446,31,1000,3,0.100000001
H0446,52,600,15,0.100000001
H0447,19,700,40,0
H0447,65,1700,35,0
H0447,71,1700,2,0
H0448,26,2500,6,0
H0448,40,1500,20,0
H0449,10,2500,14,0
H0449,52,600,20,0
H0449,62,3900,35,0
H0450,10,2500,20,0.200000003
H0450,54,600,6,0.200000003
H0451,55,1900,120,0.100000001
H0451,64,2700,35,0.100000001
H0451,65,1700,28,0.100000001
H0451,77,1000,55,0.100000001
H0452,28,3600,15,0
H0452,44,1600,100,0.050000001
H0453,48,1000,15,0.100000001
H0453,70,1200,25,0.100000001
H0454,16,1400,20,0.200000003
H0454,33,200,20,0.200000003
H0454,46,1000,10,0.200000003
H0455,39,1400,20,0
H0455,53,2600,50,0
H0455,61,2300,25,0
H0455,71,1700,30,0
H0456,21,800,40,0.150000006
H0456,49,1600,21,0.150000006
H0457,59,4400,36,0
H0458,26,2500,30,0
H0458,28,3600,30,0
H0458,43,3700,20,0
H0458,56,3000,15,0
H0458,71,1700,50,0
H0459,7,2400,16,0.050000001
H0459,46,1000,20,0.050000001
H0459,72,2800,40,0
H0460,68,1000,21,0.25
H0460,75,600,4,0.25
H0461,21,800,40,0.25
H0461,30,2100,28,0.25
H0461,55,1900,60,0.25
H0462,13,500,1,0
H0462,23,700,21,0
H0463,19,700,21,0
H0463,42,1100,50,0
H0464,4,1800,16,0.200000003
H0464,43,3700,3,0
H0464,56,3000,30,0.200000003
H0464,60,2700,20,0
H0465,24,400,25,0
H0465,29,9900,18,0.100000001
H0465,40,1500,20,0
H0465,45,800,30,0.100000001
H0465,50,1300,25,0
H0466,11,1700,10,0
H0466,46,1000,5,0
H0467,24,400,28,0
H0467,25,1100,12,0
H0468,30,2100,8,0
H0468,43,3700,15,0
H0469,2,1500,40,0.150000006
H0469,16,1400,35,0.150000006
H0469,44,1600,2,0.150000006
H0470,18,5000,30,0
H0470,23,700,15,0
H0470,64,2700,8,0
H0471,7,2400,30,0
H0471,56,3000,20,0
H0472,24,400,80,0.050000001
H0472,51,4200,18,0
H0473,33,200,12,0
H0473,71,1700,12,0
H0474,14,1900,12,0
H0474,28,3600,18,0
H0474,40,1500,21,0
H0474,75,600,10,0
H0475,31,1000,35,0.150000006
H0475,66,1400,60,0.150000006
H0475,76,1400,42,0.150000006
H0476,55,1900,2,0.050000001
H0476,70,1200,12,0
H0477,1,1400,15,0
H0477,21,800,21,0.25
H0477,39,1400,20,0.25
H0478,10,2500,20,0.050000001
H0479,38,21100,30,0
H0479,53,2600,28,0
H0479,59,4400,60,0
H0479,64,2700,30,0
H0480,47,800,30,0
H0480,59,4400,12,0
H0481,49,1600,24,0
H0481,60,2700,40,0
H0482,40,1500,10,0
H0483,34,1100,35,0.050000001
H0483,77,1000,30,0.050000001
H0484,21,800,14,0
H0484,40,1500,10,0
H0484,51,4200,3,0
H0485,2,1500,20,0.100000001
H0485,3,800,20,0.100000001
H0485,55,1900,30,0.100000001
H0485,70,1200,60,0.100000001
H0486,11,1700,5,0
H0486,51,4200,25,0
H0486,74,800,16,0
H0487,19,700,5,0
H0487,26,2500,30,0
H0487,54,600,24,0.25
H0488,59,4400,30,0
H0488,73,1200,20,0.200000003
H0489,11,1700,15,0.25
H0489,16,1400,18,0
H0490,59,4400,60,0
H0490,68,1000,30,0
H0490,75,600,36,0
H0491,44,1600,15,0.150000006
H0491,77,1000,7,0.150000006
H0492,25,1100,60,0.050000001
H0492,42,1100,20,0.050000001
H0493,65,1700,15,0.100000001
H0493,66,1400,10,0.100000001
H0493,69,2900,10,0.100000001
H0494,56,3000,30,0
H0495,23,700,10,0
H0495,41,800,20,0
H0495,77,1000,5,0
H0496,31,1000,20,0.050000001
H0497,56,3000,14,0
H0497,72,2800,25,0
H0497,77,1000,25,0
H0498,24,500,14,0
H0498,40,1800,5,0
H0498,42,1400,30,0
H0499,28,4600,20,0
H0499,49,2000,25,0
H0500,15,1600,12,0.050000001
H0500,28,4600,8,0.050000001
H0501,54,700,20,0
H0502,45,1000,21,0
H0502,53,3300,6,0
H0502,67,1400,30,0
H0503,14,2300,70,0
H0503,65,2100,20,0
H0504,2,1900,12,0
H0504,21,1000,12,0
H0504,53,3300,10,0
H0504,61,2900,25,0
H0505,62,4900,3,0
H0506,25,1400,18,0.100000001
H0506,70,1500,14,0.100000001
H0507,43,4600,15,0.150000006
H0507,48,1300,15,0.150000006
H0508,13,600,10,0
H0508,39,1800,10,0
H0509,28,4600,3,0
H0510,29,12400,36,0
H0510,75,800,36,0.100000001
H0511,4,2200,50,0.150000006
H0511,7,3000,50,0.150000006
H0511,8,4000,10,0.150000006
H0512,24,500,10,0.150000006
H0512,46,1200,9,0.150000006
H0512,47,1000,6,0.150000006
H0512,60,3400,12,0.150000006
H0513,21,1000,40,0.200000003
H0513,32,3200,50,0.200000003
H0513,61,2900,15,0.200000003
H0514,20,8100,39,0
H0514,28,4600,35,0
H0514,56,3800,70,0
H0514,65,2100,39,0
H0514,75,800,50,0
H0515,9,9700,16,0.150000006
H0515,16,1700,50,0
H0515,27,4400,120,0
H0515,33,300,16,0.150000006
H0515,60,3400,84,0.150000006
H0516,18,6300,25,0.100000001
H0516,41,1000,80,0.100000001
H0516,42,1400,20,0
H0517,52,700,6,0
H0517,59,5500,4,0
H0517,70,1500,6,0
H0518,24,500,5,0
H0518,38,26400,15,0
H0518,44,1900,9,0
H0519,10,3100,16,0.050000001
H0519,56,3800,40,0
H0519,60,3400,10,0.050000001
H0520,24,500,8,0
H0520,53,3300,5,0
H0521,35,1800,3,0
H0521,41,1000,10,0
H0521,68,1300,6,0
H0522,1,1800,40,0.200000003
H0522,8,4000,24,0
H0522,30,2600,20,0.200000003
H0522,40,1800,25,0.200000003
H0523,17,3900,25,0.100000001
H0523,20,8100,15,0.100000001
H0523,37,2600,18,0.100000001
H0523,41,1000,6,0.100000001
H0524,10,3100,2,0
H0524,30,2600,10,0
H0524,43,4600,60,0
H0524,54,700,15,0
H0525,36,1900,30,0
H0525,40,1800,15,0.100000001
H0526,1,1800,8,0.150000006
H0526,13,600,10,0
H0526,56,3800,30,0.150000006
H0527,4,2200,50,0.100000001
H0527,36,1900,30,0.100000001
H0528,11,2100,3,0
H0528,33,300,8,0.200000003
H0528,72,3500,9,0
H0529,55,2400,14,0
H0529,68,1300,20,0
H0529,69,3600,10,0
H0530,17,3900,40,0
H0530,43,4600,25,0
H0530,61,2900,20,0
H0530,76,1800,50,0
H0531,59,5500,2,0
H0532,30,2600,15,0
H0532,66,1700,24,0
H0533,4,2200,50,0.050000001
H0533,72,3500,24,0
H0533,73,1500,24,0.050000001
H0534,30,2600,10,0
H0534,40,1800,10,0.200000003
H0534,54,700,10,0.200000003
H0535,11,2100,50,0.100000001
H0535,40,1800,10,0.100000001
H0535,57,2000,5,0.100000001
H0535,59,5500,15,0.100000001
H0536,12,3800,15,0.25
H0536,31,1300,20,0
H0536,33,300,30,0
H0536,60,3400,35,0.25
H0537,31,1300,30,0
H0537,51,5300,6,0
H0537,58,1300,20,0
H0537,72,3500,21,0
H0537,73,1500,9,0
H0538,70,1500,7,0
H0538,72,3500,1,0
H0539,13,600,8,0
H0539,21,1000,15,0
H0539,33,300,15,0
H0539,49,2000,6,0
H0540,3,1000,60,0
H0540,26,3100,40,0
H0540,38,26400,30,0
H0540,68,1300,35,0
H0541,24,500,35,0.100000001
H0541,38,26400,4,0.100000001
H0541,65,2100,36,0.100000001
H0541,71,2200,9,0.100000001
H0542,11,2100,15,0.050000001
H0542,54,700,24,0.050000001
H0543,12,3800,30,0.150000006
H0543,23,900,70,0.150000006
H0544,28,4600,7,0
H0544,67,1400,7,0
H0545,11,2100,10,0
H0546,7,3000,10,0
H0546,35,1800,30,0
H0546,62,4900,40,0
H0547,32,3200,24,0.150000006
H0547,36,1900,60,0
H0548,34,1400,10,0.25
H0548,41,1000,14,0
H0549,31,1300,55,0.150000006
H0549,45,1000,100,0.150000006
H0549,51,5300,48,0.150000006
H0550,17,3900,8,0.100000001
H0550,19,900,10,0
H0550,21,1000,6,0.100000001
H0550,61,2900,10,0.100000001
H0551,16,1700,40,0.150000006
H0551,35,1800,20,0.150000006
H0551,44,1900,40,0
H0552,69,3600,18,0
H0552,75,800,30,0
H0553,11,2100,15,0
H0553,16,1700,14,0
H0553,22,2100,24,0
H0553,31,1300,30,0
H0553,35,1800,6,0
H0554,16,1700,30,0.050000001
H0554,23,900,20,0.050000001
H0554,62,4900,20,0.050000001
H0554,77,1300,10,0.050000001
H0555,14,2300,30,0.200000003
H0555,19,900,35,0.200000003
H0555,24,500,18,0.200000003
H0555,51,5300,20,0.200000003
H0555,56,3800,40,0.200000003
H0556,72,3500,24,0
H0557,64,3300,30,0
H0557,75,800,20,0
H0558,47,1000,25,0
H0558,51,5300,20,0
H0558,52,700,30,0
H0558,53,3300,18,0
H0558,73,1500,3,0
H0559,41,1000,12,0.050000001
H0559,55,2400,18,0.050000001
H0560,30,2600,20,0
H0560,62,4900,15,0.25
H0561,44,1900,10,0
H0561,51,5300,50,0
H0562,33,300,20,0.100000001
H0562,62,4900,10,0.100000001
H0563,36,1900,25,0
H0563,52,700,70,0
H0564,17,3900,16,0.050000001
H0564,31,1300,6,0.050000001
H0564,55,2400,25,0.050000001
H0565,24,500,25,0.100000001
H0565,64,3300,18,0.100000001
H0566,11,2100,35,0.150000006
H0566,18,6300,18,0.150000006
H0566,76,1800,10,0
H0567,31,1300,60,0.200000003
H0567,51,5300,3,0
H0567,59,5500,40,0.200000003
H0568,10,3100,5,0
H0569,31,1300,35,0.200000003
H0569,76,1800,30,0
H0570,11,2100,15,0.050000001
H0570,56,3800,60,0.050000001
H0571,14,2300,11,0.150000006
H0571,42,1400,28,0.150000006
H0572,16,1700,12,0.100000001
H0572,32,3200,10,0.100000001
H0572,40,1800,50,0
H0572,75,800,15,0.100000001
H0573,17,3900,18,0
H0573,34,1400,40,0
H0573,53,3300,25,0
H0574,33,300,14,0
H0574,40,1800,2,0
H0574,62,4900,10,0
H0574,64,3300,6,0
H0575,59,5500,12,0
H0575,63,4400,6,0
H0575,72,3500,30,0
H0575,76,1800,10,0
H0576,1,1800,10,0
H0576,31,1300,20,0
H0576,44,1900,21,0
H0577,39,1800,10,0
H0577,75,800,20,0
H0577,77,1300,18,0
H0578,35,1800,20,0
H0578,57,2000,6,0
H0579,15,1600,10,0
H0579,75,800,21,0
H0580,14,2300,15,0.050000001
H0580,41,1000,9,0.050000001
H0580,65,2100,30,0.050000001
H0581,75,800,50,0.200000003
H0582,57,2000,4,0
H0582,76,1800,14,0
H0583,29,12400,10,0
H0583,60,3400,24,0.150000006
H0583,69,3600,10,0.150000006
H0584,31,1300,50,0.050000001
H0585,47,1000,15,0
H0586,52,700,4,0.150000006
H0587,26,3100,6,0
H0587,35,1800,20,0
H0587,77,1300,20,0
H0588,18,6300,40,0.200000003
H0588,42,1400,100,0.200000003
H0589,35,1800,4,0
H0590,1,1800,20,0
H0590,77,1300,60,0.050000001
H0591,3,1000,14,0
H0591,7,3000,10,0
H0591,54,700,50,0
H0592,15,1600,25,0.050000001
H0592,26,3100,5,0.050000001
H0593,20,8100,21,0.200000003
H0593,69,3600,20,0.200000003
H0593,76,1800,4,0.200000003
H0594,52,700,24,0
H0594,58,1300,30,0
H0595,35,1800,30,0.25
H0595,61,2900,120,0.25
H0595,69,3600,65,0.25
H0596,56,3800,5,0.200000003
H0596,63,4400,24,0.200000003
H0596,75,800,30,0.200000003
H0597,24,500,35,0.200000003
H0597,57,2000,20,0
H0597,65,2100,12,0.200000003
H0598,27,4400,50,0
H0598,71,2200,9,0
H0599,62,4900,10,0
H0600,54,700,4,0
H0600,73,1500,30,0
H0601,13,600,60,0
H0601,59,5500,35,0
H0602,77,1300,5,0.25
H0603,22,2100,48,0
H0603,49,2000,25,0.050000001
H0604,48,1300,6,0.100000001
H0604,76,1800,10,0.100000001
H0605,16,1700,30,0.050000001
H0605,59,5500,20,0.050000001
H0605,60,3400,70,0.050000001
H0605,71,2200,15,0.050000001
H0606,4,2200,20,0.200000003
H0606,55,2400,20,0.200000003
H0606,62,4900,10,0.200000003
H0607,7,3000,45,0
H0607,17,3900,100,0
H0607,33,300,14,0
H0607,40,1800,42,0
H0607,72,3500,12,0
H0608,56,3800,28,0
H0609,1,1800,3,0
H0609,10,3100,10,0
H0609,21,1000,6,0
H0610,36,1900,21,0.25
H0611,1,1800,6,0
H0611,2,1900,10,0
H0611,60,3400,15,0
H0612,10,3100,70,0
H0612,36,1900,55,0
H0612,49,2000,18,0
H0612,60,3400,40,0
H0612,76,1800,80,0
H0613,13,600,8,0.100000001
H0613,75,800,40,0
H0614,11,2100,14,0
H0614,21,1000,8,0
H0614,39,1800,5,0
H0615,55,2400,5,0
H0616,38,26400,15,0.050000001
H0616,56,3800,14,0
H0616,70,1500,15,0.050000001
H0616,71,2200,15,0.050000001
H0617,59,5500,30,0.150000006
H0618,6,2500,70,0
H0618,56,3800,20,0
H0618,68,1300,15,0
H0619,21,1000,42,0
H0619,22,2100,40,0
H0620,24,500,5,0
H0620,52,700,5,0
H0621,19,900,5,0
H0621,23,900,10,0
H0621,70,1500,20,0
H0621,71,2200,15,0
H0622,2,1900,20,0
H0622,68,1300,18,0.200000003
H0623,14,2300,21,0
H0623,19,900,15,0.100000001
H0623,21,1000,25,0.100000001
H0623,24,500,3,0
H0623,35,1800,30,0.100000001
H0624,28,4600,10,0
H0624,29,12400,6,0
H0624,44,1900,10,0
H0625,14,2300,3,0
H0625,42,1400,5,0
H0625,60,3400,10,0
H0626,53,3300,12,0
H0626,60,3400,20,0
H0626,71,2200,20,0
H0627,62,4900,15,0
H0627,73,1500,35,0.150000006
H0628,1,1800,25,0
H0629,29,12400,20,0
H0629,64,3300,9,0
H0630,55,2400,12,0.050000001
H0630,76,1800,35,0
H0631,75,800,8,0.100000001
H0632,2,1900,30,0.050000001
H0632,33,300,20,0.050000001
H0633,12,3800,36,0.150000006
H0633,13,600,13,0.150000006
H0633,26,3100,35,0.150000006
H0633,62,4900,80,0.150000006
H0634,7,3000,35,0
H0634,18,6300,50,0
H0634,51,5300,15,0
H0634,75,800,2,0
H0635,4,2200,10,0.100000001
H0635,5,2100,15,0.100000001
H0635,22,2100,40,0
H0636,4,2200,25,0
H0636,58,1300,6,0
H0637,11,2100,10,0
H0637,50,1600,25,0.050000001
H0637,56,3800,60,0.050000001
H0638,45,1000,20,0
H0638,65,2100,21,0
H0638,72,3500,60,0
H0639,18,6300,8,0
H0640,69,3600,20,0.25
H0640,70,1500,15,0.25
H0641,2,1900,50,0
H0641,40,1800,60,0
H0642,21,1000,30,0.200000003
H0642,61,2900,20,0.200000003
H0643,28,4600,15,0.25
H0643,39,1800,21,0.25
H0643,46,1200,2,0.25
H0644,18,6300,4,0.100000001
H0644,43,4600,20,0
H0644,46,1200,21,0.100000001
H0645,18,6300,20,0
H0645,36,1900,15,0
H0646,1,1800,15,0.25
H0646,10,3100,18,0.25
H0646,71,2200,30,0.25
H0646,77,1300,35,0.25
H0647,19,900,30,0
H0647,39,1800,20,0
H0648,22,2100,15,0
H0648,24,500,15,0.150000006
H0649,28,4600,20,0
H0649,72,3500,15,0
H0650,30,2600,30,0
H0650,53,3300,25,0.050000001
H0650,54,700,30,0
H0651,19,900,12,0.25
H0651,22,2100,20,0.25
H0652,30,2600,2,0.25
H0652,42,1400,20,0
H0653,16,1700,30,0.100000001
H0653,60,3400,20,0.100000001
H0654,4,2200,12,0.100000001
H0654,39,1800,20,0.100000001
H0654,54,700,6,0.100000001
H0655,41,1000,20,0.200000003
H0656,14,2300,3,0.100000001
H0656,44,1900,28,0.100000001
H0656,47,1000,6,0.100000001
H0657,15,1600,50,0
H0657,41,1000,24,0
H0657,46,1200,45,0
H0657,47,1000,10,0
H0657,56,3800,45,0
H0657,60,3400,30,0
H0658,21,1000,60,0
H0658,40,1800,70,0.050000001
H0658,60,3400,55,0.050000001
H0658,77,1300,70,0.050000001
H0659,31,1300,20,0.050000001
H0659,40,1800,24,0.050000001
H0659,70,1500,40,0.050000001
H0660,20,8100,21,0
H0661,39,1800,3,0.200000003
H0661,58,1300,49,0.200000003
H0662,68,1300,10,0
H0663,40,1800,30,0.050000001
H0663,42,1400,30,0.050000001
H0663,51,5300,20,0.050000001
H0664,10,3100,24,0.150000006
H0664,56,3800,12,0.150000006
H0664,65,2100,15,0.150000006
H0665,51,5300,20,0
H0665,59,5500,1,0
H0665,76,1800,10,0
H0666,29,12400,36,0
H0666,65,2100,10,0
H0667,69,3600,45,0.200000003
H0667,71,2200,14,0.200000003
H0668,31,1300,8,0.100000001
H0668,55,2400,4,0.100000001
H0668,64,3300,15,0.100000001
H0669,36,1900,30,0
H0670,23,900,32,0
H0670,46,1200,60,0
H0670,67,1400,25,0
H0670,73,1500,50,0
H0670,75,800,25,0
H0671,16,1700,10,0
H0671,62,4900,10,0
H0671,65,2100,12,0
H0672,38,26400,15,0.100000001
H0672,71,2200,12,0
H0673,16,1700,3,0
H0673,42,1400,6,0
H0673,43,4600,6,0
H0674,23,900,5,0
H0675,14,2300,30,0
H0675,53,3300,10,0
H0675,58,1300,30,0
H0676,10,3100,2,0
H0676,19,900,7,0
H0676,44,1900,21,0
H0677,26,3100,30,0.150000006
H0677,33,300,8,0.150000006
H0678,12,3800,100,0
H0678,33,300,30,0
H0678,41,1000,120,0
H0678,54,700,30,0
H0679,59,5500,12,0
H0680,16,1700,50,0.25
H0680,31,1300,20,0.25
H0680,42,1400,40,0.25
H0681,19,900,30,0.100000001
H0681,21,1000,12,0.100000001
H0681,64,3300,28,0
H0682,33,300,30,0
H0682,66,1700,4,0
H0682,75,800,30,0
H0683,52,700,9,0
H0684,40,1800,20,0
H0684,47,1000,40,0
H0684,60,3400,30,0
H0685,10,3100,20,0
H0685,41,1000,4,0
H0685,47,1000,15,0
H0686,17,3900,30,0.200000003
H0686,26,3100,15,0
H0687,9,9700,50,0.25
H0687,29,12400,10,0
H0687,36,1900,6,0.25
H0688,10,3100,18,0.100000001
H0688,28,4600,60,0.100000001
H0688,34,1400,14,0
H0689,1,1800,35,0.25
H0690,56,3800,20,0.25
H0690,77,1300,30,0.25
H0691,1,1800,30,0
H0691,29,12400,40,0
H0691,43,4600,40,0
H0691,44,1900,24,0
H0691,62,4900,48,0
H0692,21,1000,20,0
H0693,9,9700,6,0
H0693,54,700,60,0.150000006
H0693,69,3600,30,0.150000006
H0693,73,1500,15,0.150000006
H0694,7,3000,90,0
H0694,59,5500,25,0
H0694,70,1500,50,0
H0695,8,4000,10,0
H0695,12,3800,4,0
H0695,24,500,20,0
H0696,17,3900,20,0
H0696,46,1200,18,0
H0697,19,900,7,0.25
H0697,35,1800,9,0.25
H0697,58,1300,30,0.25
H0697,70,1500,30,0.25
H0698,11,2100,15,0
H0698,17,3900,8,0.050000001
H0698,29,12400,12,0.050000001
H0698,65,2100,65,0.050000001
H0698,70,1500,8,0.050000001
H0699,47,1000,12,0
H0700,1,1800,5,0.200000003
H0700,34,1400,12,0.200000003
H0700,68,1300,40,0.200000003
H0700,71,2200,60,0.200000003
H0701,59,5500,42,0.150000006
H0701,71,2200,20,0.150000006
H0701,76,1800,35,0.150000006
H0702,38,26400,6,0
H0702,76,1600,15,0
H0703,2,1900,5,0
H0703,59,5500,35,0
H0703,73,1500,35,0
H0704,4,2200,6,0
H0704,24,500,35,0
H0704,48,1300,24,0
H0705,31,1300,20,0
H0705,32,3200,4,0
H0706,16,1700,20,0
H0706,43,4600,24,0
H0706,59,5500,8,0
H0707,55,2400,21,0
H0707,57,2000,40,0
H0707,70,1500,28,0.150000006
H0708,5,2100,4,0
H0708,36,1900,5,0
H0709,8,4000,40,0
H0709,51,5300,28,0
H0709,60,3400,10,0
H0710,19,900,5,0
H0710,47,1000,5,0
H0711,19,900,12,0
H0711,41,1000,42,0
H0711,53,3300,120,0
H0712,53,3300,3,0.050000001
H0712,56,3800,30,0
H0713,10,3100,18,0
H0713,26,3100,30,0
H0713,45,1000,110,0
H0713,46,1200,24,0
H0714,2,1900,30,0.25
H0714,17,3900,27,0.25
H0714,47,1000,50,0.25
H0714,56,3800,18,0.25
H0714,58,1300,12,0.25
H0715,10,3100,21,0
H0715,71,2200,30,0
H0716,21,1000,5,0
H0716,51,5300,7,0
H0716,61,2900,10,0
H0717,21,1000,32,0.050000001
H0717,54,700,15,0
H0717,69,3600,25,0.050000001
H0718,12,3800,36,0
H0718,16,1700,20,0
H0718,36,1900,40,0
H0718,62,4900,20,0
H0719,18,6300,12,0.25
H0719,30,2600,3,0.25
H0719,54,700,40,0.25
H0720,35,1800,21,0
H0720,71,2200,8,0
H0721,44,1900,50,0.050000001
H0722,2,1900,3,0
H0722,31,1300,50,0
H0722,68,1300,45,0
H0722,75,800,42,0
H0723,26,3100,15,0
H0724,10,3100,16,0
H0724,61,2900,5,0
H0725,41,1000,12,0
H0725,52,700,4,0
H0725,55,2400,6,0
H0726,4,2200,25,0
H0726,11,2100,5,0
H0727,17,3900,20,0.050000001
H0727,56,3800,10,0.050000001
H0727,59,5500,10,0.050000001
H0728,30,2600,15,0
H0728,40,1800,6,0
H0728,55,2400,12,0
H0728,60,3400,15,0
H0729,1,1800,50,0
H0729,21,1000,30,0
H0729,50,1600,40,0
H0730,16,1700,15,0.050000001
H0730,31,1300,3,0.050000001
H0730,65,2100,10,0.050000001
H0731,21,1000,40,0.050000001
H0731,51,5300,30,0.050000001
H0732,76,1800,20,0
H0733,14,2300,16,0
H0733,28,4600,20,0
H0733,52,700,25,0
H0734,6,2500,30,0
H0734,30,2600,15,0
H0734,76,1800,20,0
H0735,61,2900,20,0.100000001
H0735,77,1300,2,0.100000001
H0736,65,2100,40,0
H0736,75,800,20,0
H0737,13,600,4,0
H0737,41,1000,12,0
H0738,16,1700,3,0
H0739,36,1900,6,0
H0739,52,700,18,0
H0740,28,4600,5,0.200000003
H0740,35,1800,35,0.200000003
H0740,45,1000,40,0.200000003
H0740,56,3800,14,0.200000003
H0741,2,1900,15,0.200000003
H0742,3,1000,20,0
H0742,60,3400,50,0
H0742,72,3500,35,0
H0743,46,1200,28,0.050000001
H0744,40,1800,50,0.200000003
H0745,18,6300,24,0
H0745,44,1900,16,0
H0745,59,5500,45,0
H0745,72,3500,7,0
H0746,13,600,6,0
H0746,42,1400,28,0
H0746,62,4900,9,0
H0746,69,3600,40,0
H0747,31,1300,8,0
H0747,41,1000,35,0
H0747,63,4400,9,0
H0747,69,3600,30,0
H0748,23,900,44,0
H0748,40,1800,40,0
H0748,56,3800,28,0
H0749,56,3800,15,0
H0749,59,5500,6,0
H0749,76,1800,10,0
H0750,14,2300,5,0.150000006
H0750,45,1000,40,0.150000006
H0750,59,5500,25,0.150000006
H0751,26,3100,12,0.100000001
H0751,30,2600,30,0
H0751,50,1600,20,0.100000001
H0751,73,1500,15,0
H0752,1,1800,8,0
H0752,69,3600,3,0
H0753,45,1000,4,0
H0753,74,1000,5,0
H0754,40,1800,3,0
H0755,47,1000,30,0.25
H0755,56,3800,30,0.25
H0755,57,2000,14,0.25
H0755,69,3600,25,0.25
H0756,18,6300,21,0.200000003
H0756,36,1900,20,0.200000003
H0756,68,1300,6,0.200000003
H0756,69,3600,20,0.200000003
H0757,34,1400,30,0
H0757,59,5500,7,0
H0757,62,4900,30,0
H0757,64,3300,24,0
H0758,26,3100,20,0
H0758,52,700,60,0
H0758,70,1500,40,0
H0759,32,3200,10,0
H0760,25,1400,12,0.25
H0760,27,4400,40,0
H0760,43,4600,30,0.25
H0761,25,1400,35,0.25
H0761,75,800,18,0
H0762,39,1800,16,0
H0762,47,1000,30,0
H0762,51,5300,28,0
H0762,56,3800,60,0
H0763,21,1000,40,0
H0763,22,2100,6,0
H0763,24,500,20,0
H0764,3,1000,20,0.100000001
H0764,39,1800,130,0.100000001
H0765,65,2100,80,0.100000001
H0766,2,1900,40,0
H0766,7,3000,35,0
H0766,68,1300,40,0
H0767,42,1400,2,0
H0768,22,2100,4,0
H0768,31,1300,50,0
H0768,60,3400,15,0
H0768,71,2200,12,0
H0769,41,1000,30,0.050000001
H0769,52,700,15,0.050000001
H0769,61,2900,20,0
H0769,62,4900,15,0
H0770,11,2100,15,0.25
H0771,71,2200,16,0
H0772,29,12400,18,0
H0772,59,5500,25,0
H0773,17,3900,33,0
H0773,31,1300,70,0.200000003
H0773,75,800,7,0.200000003
H0774,31,1300,2,0.25
H0774,66,1700,50,0
H0775,10,3100,6,0
H0775,67,1400,3,0
H0776,31,1300,16,0.050000001
H0776,42,1400,12,0.050000001
H0776,45,1000,27,0.050000001
H0776,51,5300,120,0.050000001
H0777,42,1400,20,0.200000003
H0778,41,1000,10,0
H0779,16,1700,20,0
H0779,62,4900,20,0
H0780,70,1500,35,0
H0780,77,1300,15,0
H0781,54,700,3,0.200000003
H0781,56,3800,20,0.200000003
H0781,74,1000,35,0
H0782,31,1300,1,0
H0783,31,1300,10,0
H0783,38,26400,5,0
H0784,36,1900,30,0
H0784,39,1800,2,0.150000006
H0784,72,3500,30,0.150000006
H0785,10,3100,10,0
H0785,75,800,10,0
H0786,8,4000,30,0.200000003
H0786,30,2600,15,0.200000003
H0786,75,800,42,0.200000003
H0787,2,1900,15,0.050000001
H0787,29,12400,20,0.050000001
H0788,19,900,50,0.050000001
H0788,75,800,40,0.050000001
H0789,18,6300,30,0
H0789,35,1800,15,0
H0789,63,4400,30,0
H0789,68,1300,18,0
H0790,7,3000,3,0.150000006
H0790,56,3800,20,0.150000006
H0791,29,12400,14,0.050000001
H0791,41,1000,20,0.050000001
H0792,2,1900,10,0
H0792,54,700,3,0
H0792,68,1300,15,0
H0793,41,1000,14,0
H0793,52,700,8,0
H0794,14,2300,15,0.200000003
H0794,54,700,6,0.200000003
H0795,16,1700,65,0
H0795,17,3900,35,0.25
H0796,26,3100,21,0.200000003
H0796,44,1900,10,0
H0796,64,3300,35,0.200000003
H0796,69,3600,24,0.200000003
H0797,11,2100,20,0
H0798,62,4900,2,0
H0798,72,3500,10,0
H0799,13,600,20,0.150000006
H0799,24,500,20,0.150000006
H0799,59,5500,25,0
H0800,11,2100,50,0.100000001
H0800,51,5300,10,0.100000001
H0800,54,700,7,0.100000001
H0801,17,3900,40,0.25
H0801,29,12400,20,0.25
H0802,30,2600,25,0.25
H0802,51,5300,30,0.25
H0802,55,2400,60,0.25
H0802,62,4900,5,0.25
H0803,19,900,24,0.050000001
H0803,25,1400,15,0.050000001
H0803,59,5500,15,0.050000001
H0804,10,3100,36,0
H0804,28,4600,24,0
H0804,49,2000,4,0.150000006
H0805,34,1400,10,0
H0805,38,26400,10,0
H0806,2,1900,20,0.25
H0806,65,2100,2,0
H0806,74,1000,15,0.25
H0807,40,1800,1,0
H0808,56,3800,20,0.150000006
H0808,76,1800,50,0.150000006
H0809,52,700,20,0
H0810,13,600,7,0
H0810,25,1400,5,0
H0810,70,1500,5,0
H0811,19,900,15,0
H0811,23,900,18,0
H0811,40,1800,30,0
H0812,31,1300,16,0.100000001
H0812,72,3500,40,0.100000001
H0812,77,1300,20,0
H0813,2,1900,12,0.200000003
H0813,46,1200,35,0
H0814,41,1000,20,0
H0814,43,4600,20,0.150000006
H0814,48,1300,8,0.150000006
H0814,61,2900,30,0.150000006
H0815,33,300,16,0
H0816,38,26400,30,0.050000001
H0816,62,4900,20,0.050000001
H0817,26,3100,40,0.150000006
H0817,38,26400,30,0
H0817,40,1800,60,0.150000006
H0817,62,4900,25,0.150000006
H0818,32,3200,20,0
H0818,41,1000,20,0
H0819,43,4600,7,0
H0819,75,800,20,0
H0820,56,3800,30,0
H0821,35,1800,20,0
H0821,51,5300,6,0
H0822,62,4900,3,0
H0822,70,1500,6,0
H0823,11,2100,20,0.100000001
H0823,57,2000,15,0
H0823,59,5500,40,0.100000001
H0823,77,1300,15,0.100000001
H0824,41,1000,12,0
H0824,70,1500,9,0
H0825,26,3100,12,0
H0825,53,3300,20,0
H0826,31,1300,35,0
H0826,57,2000,15,0
H0827,10,3100,15,0
H0827,39,1800,21,0
H0828,20,8100,5,0
H0828,38,26400,2,0
H0829,2,1900,10,0
H0829,8,4000,20,0
H0829,13,600,10,0
H0829,60,3400,21,0
H0830,6,2500,6,0
H0830,39,1800,28,0
H0830,60,3400,30,0
H0830,68,1300,24,0
H0831,19,900,2,0
H0831,35,1800,8,0
H0831,38,26400,8,0
H0831,43,4600,9,0
H0832,13,600,3,0.200000003
H0832,25,1400,10,0.200000003
H0832,44,1900,16,0.200000003
H0832,64,3300,3,0
H0833,7,3000,20,0.100000001
H0833,31,1300,9,0.100000001
H0833,53,3300,9,0.100000001
H0834,29,12400,8,0.050000001
H0834,30,2600,20,0.050000001
H0835,59,5500,15,0
H0835,77,1300,2,0.200000003
H0836,22,2100,52,0
H0836,35,1800,6,0
H0836,57,2000,24,0
H0836,60,3400,60,0
H0836,64,3300,30,0
H0837,13,600,6,0
H0837,40,1800,25,0
H0837,47,1000,40,0.25
H0837,76,1800,21,0.25
H0838,1,1800,4,0.25
H0838,18,6300,25,0.25
H0838,36,1900,50,0.25
H0839,58,1300,30,0.100000001
H0839,72,3500,15,0.100000001
H0840,25,1400,6,0.200000003
H0840,39,1800,10,0.200000003
H0841,10,3100,16,0
H0841,56,3800,30,0
H0841,59,5500,50,0
H0841,77,1300,15,0
H0842,11,2100,15,0
H0842,43,4600,5,0
H0842,68,1300,20,0
H0842,70,1500,12,0
H0843,51,5300,4,0.25
H0844,22,2100,35,0
H0845,23,900,70,0.100000001
H0845,35,1800,25,0.100000001
H0845,42,1400,42,0.100000001
H0845,58,1300,60,0.100000001
H0845,64,3300,48,0
H0846,4,2200,21,0
H0846,70,1500,30,0
H0846,74,1000,20,0
H0847,1,1800,80,0.200000003
H0847,19,900,12,0.200000003
H0847,37,2600,60,0.200000003
H0847,45,1000,36,0.200000003
H0847,60,3400,45,0.200000003
H0847,71,2200,55,0.200000003
H0848,5,2100,30,0
H0848,9,9700,3,0
H0849,3,1000,49,0
H0849,26,3100,18,0.150000006
H0850,25,1400,20,0.150000006
H0850,33,300,4,0.150000006
H0850,70,1500,30,0.150000006
H0851,2,1900,5,0.050000001
H0851,25,1400,10,0.050000001
H0851,57,2000,10,0.050000001
H0851,59,5500,42,0.050000001
H0852,2,1900,15,0
H0852,17,3900,6,0
H0852,62,4900,50,0
H0853,18,6300,10,0
H0854,10,3100,100,0.150000006
H0854,13,600,65,0.150000006
H0855,16,1700,50,0
H0855,31,1300,14,0
H0855,56,3800,24,0
H0855,65,2100,15,0.150000006
H0856,2,1900,20,0
H0856,42,1400,20,0
H0857,3,1000,30,0
H0857,26,3100,35,0.25
H0857,29,12400,10,0.25
H0858,7,3000,5,0
H0858,27,4400,10,0
H0858,70,1500,4,0
H0859,24,500,40,0.25
H0859,54,700,35,0.25
H0859,64,3300,30,0.25
H0860,51,5300,3,0
H0860,76,1800,20,0
H0861,17,3900,42,0
H0861,18,6300,20,0
H0861,21,1000,40,0
H0861,33,300,35,0
H0861,62,4900,3,0
H0862,11,2100,25,0
H0862,52,700,8,0
H0863,1,1800,20,0.150000006
H0863,58,1300,12,0.150000006
H0864,35,1800,4,0
H0864,67,1400,15,0
H0865,38,26400,60,0.050000001
H0865,39,1800,80,0.050000001
H0866,2,1900,21,0.25
H0866,24,500,6,0.25
H0866,30,2600,40,0.25
H0867,53,3300,3,0
H0868,26,3100,20,0
H0868,35,1800,30,0
H0868,49,2000,42,0.100000001
H0869,1,1800,40,0
H0869,11,2100,10,0
H0869,23,900,50,0
H0869,68,1300,20,0
H0870,35,1800,3,0
H0870,51,5300,2,0
H0871,6,2500,50,0.050000001
H0871,16,1700,12,0.050000001
H0871,17,3900,16,0.050000001
H0872,55,2400,10,0.050000001
H0872,62,4900,20,0.050000001
H0872,64,3300,15,0.050000001
H0872,65,2100,21,0.050000001
H0873,21,1000,20,0
H0873,28,4600,3,0
H0874,10,3100,10,0
H0875,19,900,25,0
H0875,47,1000,21,0.100000001
H0875,49,2000,15,0
H0876,46,1200,21,0
H0876,64,3300,20,0
H0877,16,1700,30,0.25
H0877,18,6300,25,0
H0878,20,8100,20,0.050000001
H0879,40,1800,12,0
H0879,65,2100,10,0
H0879,76,1800,10,0
H0880,23,900,30,0.200000003
H0880,61,2900,30,0.200000003
H0880,70,1500,50,0.200000003
H0881,73,1500,10,0
H0882,42,1400,25,0
H0882,49,2000,20,0.150000006
H0882,54,700,32,0.150000006
H0883,24,500,8,0
H0884,21,1000,40,0.050000001
H0884,56,3800,21,0.050000001
H0884,65,2100,12,0.050000001
H0885,2,1900,20,0
H0885,24,500,12,0
H0885,70,1500,30,0
H0885,77,1300,25,0
H0886,10,3100,70,0
H0886,31,1300,35,0
H0886,77,1300,40,0
H0887,25,1400,5,0
H0888,2,1900,20,0
H0888,68,1300,18,0
H0889,11,2100,40,0
H0889,38,26400,40,0
H0890,17,3900,15,0
H0890,34,1400,10,0
H0890,41,1000,14,0
H0891,30,2600,15,0.050000001
H0892,59,5500,40,0.050000001
H0893,8,4000,30,0
H0893,24,500,10,0
H0893,29,12400,24,0
H0893,30,2600,35,0
H0893,36,1900,20,0
H0894,13,600,28,0.050000001
H0894,69,3600,50,0.050000001
H0894,75,800,120,0.050000001
H0895,24,500,110,0
H0895,39,1800,45,0
H0895,40,1800,91,0
H0895,60,3400,100,0
H0896,45,1000,15,0
H0896,56,3800,16,0
H0897,29,12400,80,0
H0897,30,2600,36,0
H0898,13,600,5,0
H0899,39,1800,8,0.150000006
H0900,70,1500,3,0.25
H0901,41,1000,30,0
H0901,71,2200,30,0
H0902,55,2400,30,0.150000006
H0902,62,4900,6,0.150000006
H0903,13,600,40,0
H0903,65,2100,21,0
H0903,68,1300,20,0
H0904,58,1300,15,0
H0904,62,4900,35,0
H0905,1,1800,20,0.050000001
H0906,61,2900,15,0
H0907,75,800,14,0
H0908,7,3000,20,0.050000001
H0908,52,700,14,0.050000001
H0909,7,3000,12,0
H0909,16,1700,15,0
H0909,41,1000,5,0
H0910,19,900,12,0
H0910,49,2000,10,0
H0910,61,2900,5,0
H0911,1,1800,10,0
H0911,17,3900,12,0
H0911,67,1400,15,0
H0912,11,2100,40,0.25
H0912,29,12400,60,0.25
H0913,4,2200,30,0.25
H0913,33,300,40,0.25
H0913,58,1300,15,0
H0914,71,2200,25,0
H0915,17,3900,10,0
H0915,33,300,30,0
H0915,54,700,10,0
H0916,16,1700,6,0
H0916,32,3200,6,0
H0916,57,2000,20,0
H0917,30,2600,1,0
H0917,60,3400,10,0
H0918,1,1800,60,0.25
H0918,60,3400,25,0.25
H0919,16,1700,24,0
H0919,25,1400,24,0
H0919,40,1800,20,0
H0920,50,1600,24,0
H0921,35,1800,10,0
H0921,63,4400,40,0
H0922,17,3900,15,0
H0922,24,500,35,0
H0923,42,1400,10,0.200000003
H0923,43,4600,10,0.200000003
H0923,67,1400,24,0.200000003
H0924,10,3100,20,0.100000001
H0924,28,4600,30,0.100000001
H0924,75,800,6,0
H0925,36,1900,25,0.150000006
H0925,52,700,12,0.150000006
H0926,11,2100,2,0
H0926,13,600,10,0
H0926,19,900,7,0
H0926,72,3500,10,0
H0927,20,8100,5,0
H0927,52,700,5,0
H0927,76,1800,20,0
H0928,47,1000,5,0
H0928,76,1800,5,0
H0929,21,1000,60,0
H0929,75,800,49,0
H0929,77,1300,15,0
H0930,21,1000,36,0
H0930,27,4400,25,0
H0930,55,2400,25,0.200000003
H0930,58,1300,30,0.200000003
H0931,13,600,42,0.150000006
H0931,57,2000,30,0
H0932,16,1700,30,0.100000001
H0932,62,4900,14,0.100000001
H0932,72,3500,16,0
H0932,75,800,20,0.100000001
H0933,53,3300,2,0
H0933,61,2900,30,0
H0934,6,2500,20,0
H0935,1,1800,21,0
H0935,18,6300,4,0.25
H0935,23,900,8,0.25
H0936,36,1900,30,0.200000003
H0937,28,4600,8,0
H0937,34,1400,20,0
H0938,13,600,20,0.25
H0938,43,4600,24,0.25
H0938,60,3400,49,0.25
H0938,71,2200,35,0.25
H0939,2,1900,10,0.150000006
H0939,67,1400,40,0.150000006
H0940,7,3000,8,0
H0940,13,600,20,0
H0941,31,1300,44,0.25
H0941,62,4900,30,0.25
H0941,68,1300,80,0.25
H0941,72,3500,50,0
H0942,49,2000,28,0
H0943,13,600,15,0
H0943,22,2100,21,0
H0943,46,1200,15,0
H0944,11,2100,5,0.25
H0944,44,1900,18,0.25
H0944,56,3800,18,0
H0945,13,600,20,0
H0945,31,1300,10,0
H0946,10,3100,25,0
H0946,24,500,25,0
H0946,77,1300,40,0
H0947,59,5500,4,0
H0948,50,1600,9,0
H0948,51,5300,40,0
H0948,55,2400,4,0
H0949,6,2500,12,0
H0949,10,3100,30,0
H0949,17,3900,6,0
H0949,62,4900,60,0
H0950,4,2200,5,0
H0951,33,300,15,0.050000001
H0951,41,1000,6,0.050000001
H0951,75,800,50,0.050000001
H0952,6,2500,16,0.050000001
H0952,28,4600,2,0
H0953,20,8100,50,0.050000001
H0953,31,1300,50,0.050000001
H0954,16,1700,28,0.150000006
H0954,31,1300,25,0.150000006
H0954,45,1000,30,0
H0954,60,3400,24,0.150000006
H0955,75,800,12,0.200000003
H0956,21,1000,12,0
H0956,47,1000,14,0
H0956,51,5300,8,0
H0957,30,2600,30,0
H0957,35,1800,40,0
H0957,64,3300,8,0
H0958,5,2100,20,0
H0958,7,3000,6,0
H0958,72,3500,5,0
H0959,75,800,20,0.150000006
H0960,24,500,10,0.25
H0960,41,1000,24,0
H0961,52,700,6,0.050000001
H0961,76,1800,60,0
H0962,7,3000,45,0
H0962,13,600,77,0
H0962,53,3300,20,0
H0962,69,3600,9,0
H0962,76,1800,44,0
H0963,60,3400,2,0.150000006
H0964,18,6300,6,0
H0964,38,26400,5,0
H0964,69,3600,10,0
H0965,51,5300,16,0
H0966,37,2600,8,0
H0966,56,3800,12,0.150000006
H0966,62,4900,12,0.150000006
H0967,19,900,12,0
H0967,49,2000,40,0
H0968,12,3800,30,0
H0968,24,500,30,0
H0968,64,3300,4,0
H0969,46,1200,9,0
H0970,52,700,40,0.200000003
H0971,29,12400,14,0
H0972,17,3900,6,0
H0972,33,300,7,0
H0973,26,3100,5,0
H0973,41,1000,6,0
H0973,75,800,10,0
H0974,63,4400,10,0
H0975,8,4000,16,0
H0975,75,800,10,0
H0976,28,4600,20,0
H0977,39,1800,30,0
H0977,47,1000,30,0
H0977,51,5300,10,0
H0977,63,4400,20,0
H0978,8,4000,20,0.150000006
H0978,21,1000,40,0.150000006
H0978,40,1800,10,0
H0978,44,1900,6,0.150000006
H0979,7,3000,18,0
H0979,12,3800,20,0
H0979,24,500,80,0
H0979,27,4400,30,0
H0979,31,1300,24,0
H0979,63,4400,35,0
H0980,75,800,40,0.200000003
H0981,38,26400,60,0
H0982,7,3000,20,0
H0982,43,4600,9,0
H0983,13,600,84,0.150000006
H0983,57,2000,15,0
H0984,16,1700,55,0
H0984,24,500,20,0
H0984,36,1900,40,0
H0985,16,1700,36,0.100000001
H0985,18,6300,8,0.100000001
H0985,32,3200,35,0.100000001
H0986,11,2100,30,0
H0986,20,8100,15,0
H0986,76,1800,10,0
H0986,77,1300,15,0
H0987,7,3000,60,0
H0987,43,4600,6,0
H0987,72,3500,20,0
H0988,7,3000,60,0
H0988,62,4900,40,0.100000001
H0989,6,2500,40,0
H0989,11,2100,15,0
H0989,41,1000,4,0
H0990,21,1000,65,0
H0990,34,1400,60,0.150000006
H0990,55,2400,65,0.150000006
H0990,61,2900,66,0.150000006
H0991,2,1900,50,0.200000003
H0991,70,1500,20,0.200000003
H0991,76,1800,90,0.200000003
H0992,72,3500,2,0
H0993,29,12400,50,0.25
H0993,41,1000,35,0.25
H0994,59,5500,18,0.050000001
H0995,51,5300,20,0
H0995,60,3400,4,0
H0996,42,1400,40,0
H0997,32,3200,50,0
H0997,46,1200,20,0.25
H0997,52,700,20,0.25
H0998,24,500,12,0
H0998,61,2900,7,0
H0998,74,1000,20,0
H0998,75,800,30,0
H0999,41,1000,20,0.050000001
H0999,51,5300,15,0.050000001
H0999,77,1300,21,0.050000001
H1000,4,2200,25,0.25
H1000,24,500,30,0.25
H1000,77,1300,30,0
H1001,7,3000,60,0
H1001,22,2100,25,0
H1001,46,1200,25,0
H1001,55,2400,6,0
H1002,13,600,56,0
H1002,35,1800,15,0.150000006
H1002,42,1400,24,0.150000006
H1002,55,2400,40,0
H1003,1,1800,4,0
H1003,40,1800,10,0
H1003,52,700,10,0
H1004,26,3100,6,0
H1004,76,1800,6,0
H1005,1,1800,2,0
H1005,59,5500,10,0
H1006,1,1800,8,0
H1006,29,12400,2,0.25
H1007,8,4000,30,0
H1007,29,12400,10,0
H1007,42,1400,14,0
H1008,28,4600,70,0.050000001
H1008,34,1400,90,0.050000001
H1008,71,2200,21,0
H1009,24,500,12,0
H1009,36,1900,18,0.25
H1009,60,3400,9,0
H1010,7,3000,20,0
H1010,24,500,10,0
H1011,58,1300,40,0.050000001
H1011,71,2200,20,0
H1012,19,900,50,0.050000001
H1012,60,3400,36,0.050000001
H1012,71,2200,60,0.050000001
H1013,23,900,10,0
H1013,42,1400,4,0
H1013,45,1000,20,0
H1013,68,1300,2,0
H1014,41,1000,28,0.100000001
H1015,30,2600,15,0
H1015,77,1300,18,0
H1016,31,1300,15,0
H1016,36,1900,16,0
H1017,3,1000,25,0
H1017,59,5500,110,0
H1017,70,1500,30,0
H1018,12,3800,20,0
H1018,18,6300,10,0
H1018,56,3800,5,0
H1019,46,1200,3,0
H1019,49,2000,2,0
H1020,10,3100,24,0.150000006
H1021,2,1900,11,0.25
H1021,20,8100,15,0
H1021,26,3100,63,0
H1021,51,5300,44,0.25
H1021,72,3500,35,0
H1022,19,900,35,0
H1022,69,3600,30,0
H1023,7,3000,4,0
H1023,43,4600,30,0
H1024,26,3100,12,0
H1024,33,300,30,0
H1024,65,2100,21,0
H1024,71,2200,50,0
H1025,1,1800,10,0.100000001
H1025,13,600,20,0.100000001
H1026,18,6300,8,0
H1026,51,5300,10,0
H1027,24,500,30,0.25
H1027,62,4900,21,0.25
H1028,55,2400,35,0
H1028,59,5500,24,0
H1029,56,3800,20,0
H1029,63,4400,12,0
H1030,2,1900,100,0.25
H1030,5,2100,70,0
H1030,29,12400,60,0.25
H1030,59,5500,100,0.25
H1031,1,1800,45,0
H1031,13,600,80,0
H1031,24,500,21,0
H1031,64,3300,20,0
H1031,71,2200,16,0
H1032,36,1900,35,0
H1032,38,26400,25,0
H1032,59,5500,30,0
H1033,53,3300,70,0.100000001
H1033,69,3600,36,0.100000001
H1034,21,1000,15,0.100000001
H1034,44,1900,12,0
H1034,61,2900,6,0
H1035,1,1800,10,0
H1035,35,1800,60,0
H1035,42,1400,30,0
H1035,54,700,10,0
H1036,13,600,7,0
H1036,59,5500,30,0
H1037,70,1500,4,0
H1038,40,1800,5,0.200000003
H1038,52,700,2,0
H1038,71,2200,30,0
H1039,28,4600,20,0
H1039,35,1800,24,0
H1039,49,2000,60,0
H1039,57,2000,28,0
H1040,21,1000,20,0
H1041,2,1900,30,0.200000003
H1041,63,4400,30,0
H1042,44,1900,15,0
H1042,61,2900,4,0
H1043,11,2100,10,0
H1044,62,4900,12,0
H1045,33,300,15,0
H1045,51,5300,24,0
H1046,12,3800,20,0.050000001
H1046,32,3200,15,0.050000001
H1046,35,1800,18,0.050000001
H1047,1,1800,25,0.25
H1047,5,2100,30,0.25
H1048,68,1300,42,0
H1049,2,1900,10,0.200000003
H1049,12,3800,4,0.200000003
H1050,76,1800,50,0.100000001
H1051,24,500,10,0.200000003
H1052,43,4600,30,0.200000003
H1052,61,2900,10,0.200000003
H1053,18,6300,35,0.200000003
H1053,32,3200,20,0
H1053,64,3300,25,0.200000003
H1054,33,300,10,0
H1054,67,1400,20,0
H1055,24,500,15,0
H1055,25,1400,15,0
H1055,51,5300,20,0
H1055,57,2000,20,0
H1056,7,3000,40,0
H1056,55,2400,35,0
H1056,60,3400,50,0
H1057,70,1500,3,0
H1058,21,1000,3,0
H1058,60,3400,21,0
H1058,61,2900,4,0
H1059,13,600,30,0
H1059,17,3900,12,0
H1059,60,3400,35,0
H1060,60,3400,4,0
H1060,77,1300,10,0
H1061,60,3400,15,0
H1062,53,3300,10,0.200000003
H1062,70,1500,12,0.200000003
H1063,34,1400,30,0
H1063,40,1800,40,0.100000001
H1063,41,1000,30,0.100000001
H1064,17,3900,77,0.100000001
H1064,41,1000,12,0
H1064,53,3300,25,0.100000001
H1064,55,2400,4,0.100000001
H1064,68,1300,55,0
H1065,30,2600,4,0.25
H1065,54,700,20,0.25
H1066,16,1700,3,0
H1066,19,900,42,0
H1066,34,1400,35,0
H1067,41,1000,9,0
H1068,28,4600,8,0.150000006
H1068,43,4600,36,0.150000006
H1068,77,1300,28,0.150000006
H1069,39,1800,20,0
H1070,1,1800,40,0.150000006
H1070,2,1900,20,0.150000006
H1070,16,1700,30,0.150000006
H1070,31,1300,20,0
H1071,7,3000,15,0.050000001
H1071,13,600,10,0.050000001
H1072,2,1900,8,0
H1072,41,1000,40,0
H1072,50,1600,22,0
H1072,64,3300,130,0
H1073,11,2100,10,0
H1073,24,500,20,0
H1074,16,1700,14,0.050000001
H1075,2,1900,10,0.150000006
H1075,46,1200,30,0.150000006
H1075,76,1800,2,0.150000006
H1076,6,2500,20,0.25
H1076,14,2300,20,0.25
H1076,19,900,10,0.25
