주문번호,고객번호,사원번호,주문일,요청일,발송일
H0248,NETVI,E04,2020-03-12,2020-04-09,2020-03-24
H0249,MSPTO,E06,2020-03-13,2020-04-24,2020-03-18
H0250,NARHA,E04,2020-03-16,2020-04-13,2020-03-20
H0251,CTEVI,E03,2020-03-16,2020-04-13,2020-03-23
H0252,PRDSU,E04,2020-03-17,2020-04-14,2020-03-19
H0253,NARHA,E03,2020-03-18,2020-04-01,2020-03-24
H0254,OPSCH,E04,2020-03-19,2020-04-16,2020-03-31
H0255,CSURI,E09,2020-03-20,2020-04-17,2020-03-23
H0256,LLIWE,E03,2020-03-23,2020-04-20,2020-03-25
H0257,LAAHI,E04,2020-03-24,2020-04-21,2020-03-30
H0258,NSHER,E01,2020-03-25,2020-04-22,2020-03-31
H0259,NTCCE,E04,2020-03-26,2020-04-23,2020-04-02
H0260,TIKOT,E04,2020-03-27,2020-04-24,2020-04-06
H0261,EDEQU,E04,2020-03-27,2020-04-24,2020-04-07
H0262,TTCRA,E07,2020-03-30,2020-04-27,2020-04-02
H0263,NSHER,E09,2020-03-31,2020-04-28,2020-04-08
H0264,LKOFO,E06,2020-04-01,2020-04-29,2020-05-01
H0265,ONPBL,E03,2020-04-02,2020-04-30,2020-04-20
H0266,RTHWA,E03,2020-04-03,2020-05-15,2020-04-08
H0267,ANKFR,E04,2020-04-06,2020-05-04,2020-04-14
H0268,OSRGR,E07,2020-04-07,2020-05-05,2020-04-10
H0269,ITCWH,E04,2020-04-08,2020-04-22,2020-04-17
H0270,RTHWA,E01,2020-04-09,2020-05-07,2020-04-10
H0271,LIRSP,E06,2020-04-09,2020-05-07,2020-05-08
H0272,TTCRA,E06,2020-04-10,2020-05-08,2020-04-14
H0273,ICKQU,E03,2020-04-13,2020-05-11,2020-04-20
H0274,NETVI,E06,2020-04-14,2020-05-12,2020-04-24
H0275,GAAMA,E01,2020-04-15,2020-05-13,2020-04-17
H0276,RTUTO,E07,2020-04-16,2020-04-30,2020-04-22
H0277,RGKMO,E03,2020-04-17,2020-05-15,2020-04-21
H0278,RGSBE,E07,2020-04-20,2020-05-18,2020-04-24
H0279,HMSLE,E07,2020-04-21,2020-05-19,2020-04-24
H0280,RGSBE,E03,2020-04-22,2020-05-20,2020-05-21
H0281,MEYRO,E04,2020-04-22,2020-05-06,2020-04-29
H0282,MEYRO,E04,2020-04-23,2020-05-21,2020-04-29
H0283,LASLI,E03,2020-04-24,2020-05-22,2020-05-01
H0284,HMSLE,E04,2020-04-27,2020-05-25,2020-05-05
H0285,ICKQU,E01,2020-04-28,2020-05-26,2020-05-04
H0286,ICKQU,E07,2020-04-29,2020-05-27,2020-05-08
H0287,CARRI,E07,2020-04-30,2020-05-28,2020-05-06
H0288,GGCRE,E04,2020-05-01,2020-05-29,2020-05-12
H0289,BEVBS,E07,2020-05-04,2020-06-01,2020-05-06
H0290,MMICO,E07,2020-05-05,2020-06-02,2020-05-12
H0291,EDEQU,E06,2020-05-05,2020-06-02,2020-05-13
H0292,ADHTR,E01,2020-05-06,2020-06-03,2020-05-11
H0293,RTUTO,E01,2020-05-07,2020-06-04,2020-05-20
H0294,TTCRA,E04,2020-05-08,2020-06-05,2020-05-14
H0295,NETVI,E03,2020-05-11,2020-06-08,2020-05-19
H0296,LASLI,E06,2020-05-12,2020-06-09,2020-05-20
H0297,ONPBL,E04,2020-05-13,2020-06-24,2020-05-19
H0298,NGOHU,E06,2020-05-14,2020-06-11,2020-05-20
H0299,CARRI,E04,2020-05-15,2020-06-12,2020-05-22
H0300,GAAMA,E03,2020-05-18,2020-06-15,2020-05-27
H0301,NDKWA,E07,2020-05-18,2020-06-15,2020-05-26
H0302,PRDSU,E04,2020-05-19,2020-06-16,2020-06-17
H0303,DOSGO,E07,2020-05-20,2020-06-17,2020-05-27
H0304,RTUTO,E01,2020-05-21,2020-06-18,2020-05-26
H0305,DWOOL,E07,2020-05-22,2020-06-19,2020-06-17
H0306,MEYRO,E01,2020-05-25,2020-06-22,2020-06-01
H0307,NEPLO,E03,2020-05-26,2020-06-23,2020-06-03
H0308,ATRAN,E07,2020-05-27,2020-06-24,2020-06-02
H0309,NGOHU,E03,2020-05-28,2020-06-25,2020-07-01
H0310,EBITH,E07,2020-05-29,2020-06-26,2020-06-05
H0311,MONDU,E01,2020-05-29,2020-06-12,2020-06-04
H0312,NDKWA,E03,2020-06-01,2020-06-29,2020-06-11
H0313,ICKQU,E03,2020-06-02,2020-06-30,2020-06-12
H0314,TTCRA,E01,2020-06-03,2020-07-01,2020-06-12
H0315,LATIS,E04,2020-06-04,2020-07-02,2020-06-11
H0316,TTCRA,E01,2020-06-05,2020-07-03,2020-06-16
H0317,NEPLO,E06,2020-06-08,2020-07-06,2020-06-18
H0318,LATIS,E07,2020-06-09,2020-07-07,2020-06-12
H0319,RTUTO,E07,2020-06-10,2020-07-08,2020-06-19
H0320,RTHWA,E04,2020-06-11,2020-06-25,2020-06-26
H0321,LATIS,E03,2020-06-11,2020-07-09,2020-06-19
H0322,RICPE,E07,2020-06-12,2020-07-10,2020-07-01
H0323,ENEKO,E04,2020-06-15,2020-07-13,2020-06-22
H0324,VEASA,E09,2020-06-16,2020-07-14,2020-06-18
H0325,ENEKO,E01,2020-06-17,2020-07-01,2020-06-22
H0326,LIDBO,E04,2020-06-18,2020-07-16,2020-06-22
H0327,LKOFO,E03,2020-06-19,2020-07-17,2020-06-22
H0328,RIBFU,E04,2020-06-22,2020-07-20,2020-06-25
H0329,LIRSP,E04,2020-06-23,2020-08-04,2020-07-01
H0330,LASLI,E03,2020-06-24,2020-07-22,2020-07-06
H0331,NAPBO,E09,2020-06-24,2020-08-05,2020-06-29
H0332,REPME,E03,2020-06-25,2020-08-06,2020-06-29
H0333,RTHWA,E04,2020-06-26,2020-07-24,2020-07-03
H0334,CTEVI,E07,2020-06-29,2020-07-27,2020-07-06
H0335,NGOHU,E07,2020-06-30,2020-07-28,2020-07-02
H0336,INIPR,E07,2020-07-01,2020-07-29,2020-07-03
H0337,ANKFR,E04,2020-07-02,2020-07-30,2020-07-07
H0338,DWOOL,E04,2020-07-03,2020-07-31,2020-07-07
H0339,REPME,E03,2020-07-06,2020-08-03,2020-07-13
H0340,NAPBO,E01,2020-07-07,2020-08-04,2020-07-17
H0341,MOBSI,E07,2020-07-07,2020-08-04,2020-07-14
H0342,ANKFR,E04,2020-07-08,2020-07-22,2020-07-13
H0343,HMSLE,E04,2020-07-09,2020-08-06,2020-07-15
H0344,ITCWH,E04,2020-07-10,2020-08-07,2020-07-14
H0345,ICKQU,E03,2020-07-13,2020-08-10,2020-07-20
H0346,TTCRA,E03,2020-07-14,2020-08-25,2020-07-17
H0347,MIAFA,E04,2020-07-15,2020-08-12,2020-07-17
H0348,NDKWA,E04,2020-07-16,2020-08-13,2020-07-24
H0349,LIRSP,E07,2020-07-17,2020-08-14,2020-07-24
H0350,MAILA,E06,2020-07-20,2020-08-17,2020-08-11
H0351,NSHER,E01,2020-07-20,2020-08-17,2020-07-29
H0352,RIBFU,E03,2020-07-21,2020-08-04,2020-07-27
H0353,CCOPI,E07,2020-07-22,2020-08-19,2020-08-03
H0354,RICPE,E07,2020-07-23,2020-08-20,2020-07-29
H0355,OUTAR,E06,2020-07-24,2020-08-21,2020-07-29
H0356,NDKWA,E06,2020-07-27,2020-08-24,2020-08-05
H0357,LASLI,E01,2020-07-28,2020-08-25,2020-08-10
H0358,MAILA,E04,2020-07-29,2020-08-26,2020-08-05
H0359,VESSE,E04,2020-07-30,2020-08-27,2020-08-04
H0360,ONPBL,E04,2020-07-31,2020-08-28,2020-08-10
H0361,ICKQU,E01,2020-07-31,2020-08-28,2020-08-11
H0362,NAPBO,E03,2020-08-03,2020-08-31,2020-08-06
H0363,ACDDR,E04,2020-08-04,2020-09-01,2020-08-12
H0364,STCEA,E01,2020-08-04,2020-09-15,2020-08-12
H0365,TONAN,E03,2020-08-05,2020-09-02,2020-08-10
H0366,LEDGA,E07,2020-08-06,2020-09-17,2020-09-07
H0367,FFEVA,E07,2020-08-06,2020-09-03,2020-08-10
H0368,NSHER,E03,2020-08-07,2020-09-04,2020-08-10
H0369,LIRSP,E07,2020-08-10,2020-09-07,2020-08-17
H0370,OPSCH,E06,2020-08-11,2020-09-08,2020-09-04
H0371,MAILA,E01,2020-08-11,2020-09-08,2020-09-01
H0372,EENQU,E04,2020-08-12,2020-09-09,2020-08-17
H0373,NGOHU,E04,2020-08-13,2020-09-10,2020-08-19
H0374,LZAWO,E01,2020-08-13,2020-09-10,2020-08-17
H0375,NGCHU,E03,2020-08-14,2020-09-11,2020-08-17
H0376,REPME,E01,2020-08-17,2020-09-14,2020-08-21
H0377,VESSE,E01,2020-08-17,2020-09-14,2020-08-21
H0378,LKOFO,E04,2020-08-18,2020-09-15,2020-08-27
H0379,EDEQU,E03,2020-08-19,2020-09-16,2020-08-21
H0380,NGOHU,E07,2020-08-20,2020-09-17,2020-09-24
H0381,LASLI,E03,2020-08-20,2020-09-17,2020-08-21
H0382,NSHER,E04,2020-08-21,2020-09-18,2020-08-24
H0383,OUTAR,E07,2020-08-24,2020-09-21,2020-08-26
H0384,RGSBE,E03,2020-08-24,2020-09-21,2020-08-28
H0385,LIRSP,E01,2020-08-25,2020-09-22,2020-08-31
H0386,MIAFA,E09,2020-08-26,2020-09-09,2020-09-02
H0387,NTGSA,E01,2020-08-26,2020-09-23,2020-08-28
H0388,VESSE,E03,2020-08-27,2020-09-24,2020-08-28
H0389,TTMBO,E04,2020-08-28,2020-09-25,2020-09-01
H0390,NSHER,E06,2020-08-31,2020-09-28,2020-09-03
H0391,ACDDR,E03,2020-08-31,2020-09-28,2020-09-08
H0392,CCOPI,E03,2020-09-01,2020-09-29,2020-09-09
H0393,VEASA,E01,2020-09-02,2020-09-30,2020-09-11
H0394,NGCHU,E01,2020-09-02,2020-09-30,2020-09-11
H0395,LAAHI,E06,2020-09-03,2020-10-01,2020-09-11
H0396,ANKFR,E01,2020-09-04,2020-09-18,2020-09-14
H0397,INIPR,E04,2020-09-04,2020-10-02,2020-09-10
H0398,VEASA,E03,2020-09-07,2020-10-05,2020-09-17
H0399,FFEVA,E07,2020-09-08,2020-09-22,2020-09-16
H0400,STCEA,E01,2020-09-09,2020-10-07,2020-09-24
H0401,TTCRA,E01,2020-09-09,2020-10-07,2020-09-18
H0402,NSHER,E07,2020-09-10,2020-10-22,2020-09-18
H0403,NSHER,E04,2020-09-11,2020-10-09,2020-09-17
H0404,GAAMA,E03,2020-09-11,2020-10-09,2020-09-16
H0405,NODLI,E01,2020-09-14,2020-10-12,2020-09-30
H0406,EENQU,E07,2020-09-15,2020-10-27,2020-09-21
H0407,TIKOT,E03,2020-09-15,2020-10-13,2020-10-08
H0408,LIGFO,E07,2020-09-16,2020-10-14,2020-09-22
H0409,EANOC,E03,2020-09-17,2020-10-15,2020-09-22
H0410,TTMBO,E03,2020-09-18,2020-10-16,2020-09-23
H0411,TTMBO,E09,2020-09-18,2020-10-16,2020-09-29
H0412,RTHWA,E07,2020-09-21,2020-10-19,2020-09-23
H0413,MAILA,E03,2020-09-22,2020-10-20,2020-09-24
H0414,MIAFA,E03,2020-09-22,2020-10-20,2020-09-25
H0415,NGCHU,E03,2020-09-23,2020-10-21,2020-10-02
H0416,RTHWA,E07,2020-09-24,2020-10-22,2020-10-05
H0417,MOBSI,E04,2020-09-24,2020-10-22,2020-10-06
H0418,ICKQU,E04,2020-09-25,2020-10-23,2020-10-02
H0419,CSURI,E04,2020-09-28,2020-10-26,2020-10-08
H0420,LLIWE,E03,2020-09-29,2020-10-27,2020-10-05
H0421,EDEQU,E07,2020-09-29,2020-11-10,2020-10-05
H0422,ANSFR,E03,2020-09-30,2020-10-28,2020-10-09
H0423,URLGO,E06,2020-10-01,2020-10-15,2020-11-02
H0424,REPME,E07,2020-10-01,2020-10-29,2020-10-05
H0425,MAILA,E06,2020-10-02,2020-10-30,2020-10-23
H0426,LEDGA,E04,2020-10-05,2020-11-02,2020-10-15
H0427,CCOPI,E04,2020-10-05,2020-11-02,2020-11-09
H0428,GGCRE,E07,2020-10-06,2020-11-03,2020-10-13
H0429,NGOHU,E03,2020-10-07,2020-11-18,2020-10-16
H0430,NSHER,E04,2020-10-08,2020-10-22,2020-10-12
H0431,TTMBO,E04,2020-10-08,2020-10-22,2020-10-16
H0432,LIRSP,E03,2020-10-09,2020-10-23,2020-10-16
H0433,INIPR,E03,2020-10-12,2020-11-09,2020-11-10
H0434,LKOFO,E03,2020-10-12,2020-11-09,2020-10-22
H0435,NSHCO,E07,2020-10-13,2020-11-24,2020-10-16
H0436,ONPBL,E03,2020-10-14,2020-11-11,2020-10-20
H0437,RTHWA,E07,2020-10-14,2020-11-11,2020-10-21
H0438,MSPTO,E03,2020-10-15,2020-11-12,2020-10-23
H0439,REPME,E06,2020-10-16,2020-11-13,2020-10-19
H0440,VEASA,E04,2020-10-19,2020-11-16,2020-11-06
H0441,DWOOL,E03,2020-10-19,2020-11-30,2020-11-20
H0442,NSHER,E03,2020-10-20,2020-11-17,2020-10-27
H0443,GGCRE,E07,2020-10-21,2020-11-18,2020-10-23
H0444,RGSBE,E03,2020-10-21,2020-11-18,2020-10-30
H0445,RGSBE,E03,2020-10-22,2020-11-19,2020-10-29
H0446,MSPTO,E06,2020-10-23,2020-11-20,2020-10-28
H0447,CARRI,E04,2020-10-23,2020-11-20,2020-11-13
H0448,NCHRA,E04,2020-10-26,2020-11-23,2020-11-02
H0449,ONPBL,E03,2020-10-27,2020-11-24,2020-11-05
H0450,CTEVI,E07,2020-10-28,2020-11-25,2020-11-17
H0451,ICKQU,E04,2020-10-28,2020-11-11,2020-11-18
H0452,VEASA,E07,2020-10-29,2020-11-26,2020-11-04
H0453,OUTAR,E01,2020-10-30,2020-11-27,2020-11-04
H0454,MAILA,E04,2020-10-30,2020-11-27,2020-11-03
H0455,RTHWA,E07,2020-11-02,2020-12-14,2020-11-09
H0456,ENEKO,E07,2020-11-03,2020-12-15,2020-11-06
H0457,ENEKO,E03,2020-11-03,2020-12-01,2020-11-09
H0458,PRDSU,E07,2020-11-04,2020-12-02,2020-11-10
H0459,CTEVI,E04,2020-11-05,2020-12-03,2020-11-06
H0460,LKOFO,E07,2020-11-06,2020-12-04,2020-11-09
H0461,LASLI,E01,2020-11-06,2020-12-04,2020-11-11
H0462,NSHCO,E03,2020-11-09,2020-12-07,2020-11-24
H0463,PRDSU,E04,2020-11-10,2020-12-08,2020-11-12
H0464,RIBFU,E04,2020-11-10,2020-12-08,2020-11-20
H0465,FFEVA,E01,2020-11-11,2020-12-09,2020-11-20
H0466,MMICO,E04,2020-11-12,2020-12-10,2020-11-19
H0467,GAAMA,E07,2020-11-12,2020-12-10,2020-11-17
H0468,ENEKO,E03,2020-11-13,2020-12-11,2020-11-18
H0469,ITCWH,E01,2020-11-16,2020-12-14,2020-11-20
H0470,NAPBO,E04,2020-11-17,2020-12-15,2020-11-20
H0471,BEVBS,E03,2020-11-17,2020-12-15,2020-11-24
H0472,VESSE,E07,2020-11-18,2020-12-16,2020-11-25
H0473,LATIS,E01,2020-11-19,2020-12-03,2020-11-27
H0474,RICPE,E04,2020-11-19,2020-12-17,2020-11-27
H0475,PRDSU,E09,2020-11-20,2020-12-18,2020-12-11
H0476,LAAHI,E07,2020-11-23,2020-12-21,2020-11-30
H0477,INIPR,E04,2020-11-23,2020-12-21,2020-12-01
H0478,CTEVI,E03,2020-11-24,2020-12-08,2020-12-02
H0479,TTCRA,E03,2020-11-25,2020-12-23,2020-11-27
H0480,LIGFO,E06,2020-11-26,2020-12-24,2020-11-30
H0481,CARRI,E07,2020-11-26,2020-12-24,2020-12-01
H0482,ZYKLA,E01,2020-11-27,2020-12-25,2020-12-17
H0483,ITCWH,E07,2020-11-30,2020-12-28,2021-01-01
H0484,BEVBS,E03,2020-11-30,2020-12-28,2020-12-08
H0485,NODLI,E04,2020-12-01,2020-12-15,2020-12-07
H0486,LAAHI,E01,2020-12-02,2020-12-30,2020-12-09
H0487,EENQU,E03,2020-12-02,2020-12-30,2020-12-04
H0488,ANKFR,E07,2020-12-03,2020-12-31,2020-12-09
H0489,CCOPI,E06,2020-12-04,2021-01-01,2020-12-16
H0490,LAAHI,E07,2020-12-07,2021-01-04,2020-12-10
H0491,RIBFU,E07,2020-12-07,2021-01-04,2020-12-15
H0492,TTMBO,E03,2020-12-08,2021-01-05,2020-12-18
H0493,MAILA,E04,2020-12-09,2021-01-06,2020-12-17
H0494,MMICO,E04,2020-12-09,2021-01-06,2020-12-16
H0495,UGBLA,E03,2020-12-10,2021-01-07,2020-12-18
H0496,ADHTR,E07,2020-12-11,2021-01-08,2020-12-14
H0497,HMSLE,E07,2020-12-11,2021-01-08,2020-12-14
H0498,LAAHI,E07,2020-12-14,2021-01-11,2020-12-18
H0499,LASLI,E04,2020-12-15,2021-01-12,2020-12-23
H0500,MAILA,E06,2020-12-16,2021-01-13,2020-12-24
H0501,AUSBL,E09,2020-12-16,2021-01-13,2020-12-23
H0502,RICPE,E03,2020-12-17,2021-01-14,2021-01-05
H0503,NGOHU,E06,2020-12-18,2021-01-15,2020-12-23
H0504,ITCWH,E04,2020-12-18,2021-01-15,2020-12-25
H0505,REPME,E03,2020-12-21,2021-01-18,2020-12-28
H0506,ENEKO,E09,2020-12-22,2021-01-19,2021-01-08
H0507,TONAN,E07,2020-12-22,2021-01-19,2020-12-29
H0508,TIKOT,E01,2020-12-23,2021-01-20,2021-01-19
H0509,AUSBL,E04,2020-12-24,2021-01-21,2021-01-05
H0510,VEASA,E06,2020-12-25,2021-01-22,2021-01-04
H0511,NAPBO,E04,2020-12-25,2021-01-22,2020-12-28
H0512,MIAFA,E07,2020-12-28,2021-01-25,2020-12-31
H0513,NDKWA,E07,2020-12-29,2021-02-09,2021-01-04
H0514,NSHER,E03,2020-12-29,2021-01-26,2021-01-22
H0515,ICKQU,E03,2020-12-30,2021-01-13,2021-01-29
H0516,NGOHU,E03,2020-12-31,2021-01-28,2021-01-07
H0517,RTSNO,E03,2020-12-31,2021-01-28,2021-01-05
H0518,RTUTO,E04,2021-01-01,2021-01-15,2021-01-11
H0519,OPSCH,E06,2021-01-04,2021-02-01,2021-01-07
H0520,NTGSA,E07,2021-01-05,2021-02-02,2021-01-07
H0521,CTUCA,E07,2021-01-05,2021-02-02,2021-01-08
H0522,HMSLE,E04,2021-01-06,2021-02-03,2021-01-12
H0523,VESSE,E07,2021-01-07,2021-02-04,2021-02-05
H0524,RGSBE,E01,2021-01-07,2021-02-04,2021-01-13
H0525,NAPBO,E01,2021-01-08,2021-02-05,2021-01-29
H0526,RTHWA,E04,2021-01-11,2021-02-08,2021-01-21
H0527,ICKQU,E07,2021-01-11,2021-02-08,2021-01-13
H0528,EALGR,E06,2021-01-12,2021-01-26,2021-01-15
H0529,ISDMA,E04,2021-01-13,2021-02-10,2021-01-15
H0530,CCOPI,E03,2021-01-14,2021-02-11,2021-01-18
H0531,EANOC,E07,2021-01-14,2021-02-11,2021-01-25
H0532,STCEA,E07,2021-01-15,2021-02-12,2021-01-18
H0533,LKOFO,E07,2021-01-18,2021-02-15,2021-01-28
H0534,HMSLE,E07,2021-01-18,2021-02-15,2021-01-20
H0535,TONAN,E04,2021-01-19,2021-02-16,2021-01-27
H0536,HMSLE,E03,2021-01-20,2021-02-17,2021-02-12
H0537,CSURI,E01,2021-01-20,2021-02-03,2021-01-25
H0538,BEVBS,E09,2021-01-21,2021-02-18,2021-01-22
H0539,BEVBS,E06,2021-01-22,2021-02-19,2021-01-29
H0540,ICKQU,E03,2021-01-25,2021-02-22,2021-02-19
H0541,NARHA,E03,2021-01-25,2021-02-22,2021-02-04
H0542,ENEKO,E01,2021-01-26,2021-02-23,2021-02-01
H0543,LASLI,E07,2021-01-27,2021-02-24,2021-01-29
H0544,NEPLO,E04,2021-01-27,2021-02-24,2021-02-05
H0545,ZYKLA,E07,2021-01-28,2021-02-25,2021-03-04
H0546,CTEVI,E01,2021-01-29,2021-02-26,2021-02-02
H0547,VESSE,E03,2021-01-29,2021-02-26,2021-02-08
H0548,MSPTO,E03,2021-02-01,2021-03-01,2021-02-08
H0549,ICKQU,E04,2021-02-02,2021-02-16,2021-02-05
H0550,DOSGO,E07,2021-02-03,2021-03-03,2021-02-12
H0551,RIBFU,E04,2021-02-03,2021-03-17,2021-02-12
H0552,LAAHI,E03,2021-02-04,2021-03-04,2021-02-11
H0553,RTHWA,E03,2021-02-05,2021-03-05,2021-02-09
H0554,TIKOT,E04,2021-02-05,2021-03-05,2021-02-11
H0555,VEASA,E06,2021-02-08,2021-03-08,2021-02-10
H0556,MOBSI,E03,2021-02-09,2021-03-23,2021-02-19
H0557,HMSLE,E09,2021-02-09,2021-02-23,2021-02-12
H0558,OUTAR,E01,2021-02-10,2021-03-10,2021-02-16
H0559,ONPBL,E06,2021-02-11,2021-03-11,2021-02-19
H0560,ANKFR,E07,2021-02-12,2021-03-12,2021-02-15
H0561,LKOFO,E03,2021-02-12,2021-03-12,2021-02-15
H0562,GGCRE,E01,2021-02-15,2021-03-15,2021-02-18
H0563,CARRI,E03,2021-02-16,2021-03-30,2021-03-02
H0564,TTCRA,E04,2021-02-16,2021-03-16,2021-02-22
H0565,REPME,E07,2021-02-17,2021-03-17,2021-02-24
H0566,ONPBL,E09,2021-02-18,2021-03-18,2021-02-24
H0567,NGOHU,E01,2021-02-18,2021-03-18,2021-02-23
H0568,LEDGA,E03,2021-02-19,2021-03-19,2021-03-17
H0569,TTCRA,E04,2021-02-22,2021-03-22,2021-03-19
H0570,REPME,E03,2021-02-23,2021-03-23,2021-02-25
H0571,NSHER,E07,2021-02-23,2021-04-06,2021-03-12
H0572,RGSBE,E03,2021-02-24,2021-03-24,2021-03-03
H0573,TONAN,E07,2021-02-25,2021-03-25,2021-02-26
H0574,AIHTR,E04,2021-02-25,2021-03-25,2021-03-08
H0575,RGKMO,E04,2021-02-26,2021-03-12,2021-03-08
H0576,RTUTO,E03,2021-03-01,2021-03-15,2021-03-08
H0577,AIHTR,E09,2021-03-01,2021-04-12,2021-03-08
H0578,BEVBS,E04,2021-03-02,2021-03-30,2021-04-02
H0579,TSSLE,E01,2021-03-03,2021-03-31,2021-03-12
H0580,TIKOT,E04,2021-03-04,2021-04-01,2021-03-09
H0581,MIAFA,E03,2021-03-04,2021-04-01,2021-03-10
H0582,AUSBL,E03,2021-03-05,2021-04-02,2021-03-22
H0583,RTHWA,E03,2021-03-08,2021-04-05,2021-03-12
H0584,ONPBL,E04,2021-03-08,2021-04-05,2021-03-12
H0585,LLIWE,E07,2021-03-09,2021-04-06,2021-03-18
H0586,GGCRE,E09,2021-03-10,2021-04-07,2021-03-17
H0587,EDEQU,E01,2021-03-10,2021-04-07,2021-03-17
H0588,ICKQU,E03,2021-03-11,2021-04-08,2021-03-18
H0589,EALGR,E07,2021-03-12,2021-04-09,2021-03-22
H0590,REPME,E04,2021-03-15,2021-04-12,2021-03-22
H0591,FFEVA,E01,2021-03-15,2021-03-29,2021-03-24
H0592,HMSLE,E03,2021-03-16,2021-04-13,2021-03-24
H0593,HMSLE,E07,2021-03-17,2021-04-14,2021-04-21
H0594,DWOOL,E03,2021-03-17,2021-04-14,2021-03-24
H0595,NSHER,E03,2021-03-18,2021-04-15,2021-03-22
H0596,ITCWH,E07,2021-03-19,2021-04-16,2021-04-20
H0597,CCOPI,E07,2021-03-19,2021-04-16,2021-03-26
H0598,TTCRA,E01,2021-03-22,2021-04-19,2021-03-26
H0599,BEVBS,E06,2021-03-23,2021-05-04,2021-03-29
H0600,NGCHU,E04,2021-03-24,2021-04-21,2021-03-29
H0601,LAAHI,E07,2021-03-24,2021-05-05,2021-03-30
H0602,FFEVA,E07,2021-03-25,2021-04-22,2021-03-30
H0603,VEASA,E07,2021-03-26,2021-04-23,2021-04-16
H0604,RIBFU,E01,2021-03-26,2021-04-23,2021-04-06
H0605,REPME,E01,2021-03-29,2021-04-26,2021-04-06
H0606,ADHTR,E04,2021-03-30,2021-04-27,2021-04-08
H0607,VEASA,E04,2021-03-30,2021-04-27,2021-04-02
H0608,MSPTO,E04,2021-03-31,2021-04-28,2021-04-09
H0609,MONDU,E07,2021-04-01,2021-04-29,2021-04-07
H0610,MAILA,E07,2021-04-02,2021-04-30,2021-04-14
H0611,LZAWO,E06,2021-04-02,2021-04-30,2021-04-09
H0612,VEASA,E01,2021-04-05,2021-05-03,2021-04-09
H0613,LAAHI,E04,2021-04-06,2021-05-04,2021-04-09
H0614,AUSBL,E07,2021-04-06,2021-05-04,2021-04-09
H0615,LMKWI,E03,2021-04-07,2021-05-05,2021-04-14
H0616,EALGR,E01,2021-04-08,2021-05-06,2021-04-13
H0617,EALGR,E04,2021-04-08,2021-05-06,2021-04-12
H0618,REPME,E01,2021-04-09,2021-05-21,2021-04-16
H0619,REPME,E03,2021-04-12,2021-05-10,2021-04-15
H0620,UGBLA,E03,2021-04-13,2021-05-11,2021-04-22
H0621,LATIS,E04,2021-04-13,2021-05-11,2021-04-19
H0622,CARRI,E04,2021-04-14,2021-05-12,2021-04-19
H0623,ANKFR,E07,2021-04-15,2021-05-13,2021-04-20
H0624,ECRTH,E04,2021-04-15,2021-05-13,2021-04-27
H0625,ATRAN,E03,2021-04-16,2021-05-14,2021-04-22
H0626,RGSBE,E01,2021-04-19,2021-05-17,2021-04-28
H0627,VEASA,E07,2021-04-19,2021-05-31,2021-04-29
H0628,ONPBL,E04,2021-04-20,2021-05-18,2021-04-28
H0629,DOSGO,E04,2021-04-20,2021-05-18,2021-04-28
H0630,ENEKO,E01,2021-04-21,2021-05-19,2021-04-27
H0631,MAILA,E07,2021-04-22,2021-05-20,2021-04-23
H0632,NDKWA,E07,2021-04-22,2021-05-20,2021-04-27
H0633,NSHER,E07,2021-04-23,2021-05-21,2021-04-26
H0634,LIGFO,E04,2021-04-23,2021-05-21,2021-04-29
H0635,GAAMA,E07,2021-04-26,2021-05-24,2021-04-29
H0636,RTHWA,E04,2021-04-27,2021-05-25,2021-05-04
H0637,EENQU,E06,2021-04-27,2021-05-25,2021-05-04
H0638,NODLI,E03,2021-04-28,2021-05-26,2021-05-10
H0639,NTGSA,E07,2021-04-28,2021-05-26,2021-05-05
H0640,NDKWA,E04,2021-04-29,2021-05-27,2021-05-06
H0641,LAAHI,E04,2021-04-30,2021-05-28,2021-05-04
H0642,MOBSI,E07,2021-04-30,2021-05-28,2021-05-14
H0643,NDKWA,E06,2021-05-03,2021-05-31,2021-05-11
H0644,LLIWE,E03,2021-05-03,2021-05-31,2021-05-10
H0645,NARHA,E04,2021-05-04,2021-06-01,2021-05-11
H0646,NGOHU,E09,2021-05-05,2021-06-16,2021-05-12
H0647,EDEQU,E04,2021-05-05,2021-05-19,2021-05-12
H0648,CARRI,E04,2021-05-06,2021-06-17,2021-05-18
H0649,ISDMA,E04,2021-05-06,2021-06-03,2021-05-07
H0650,MIAFA,E04,2021-05-07,2021-06-04,2021-05-12
H0651,NDKWA,E07,2021-05-10,2021-06-07,2021-05-20
H0652,URLGO,E04,2021-05-10,2021-06-07,2021-05-17
H0653,ANKFR,E01,2021-05-11,2021-06-08,2021-05-28
H0654,RGSBE,E04,2021-05-11,2021-06-08,2021-05-20
H0655,GGCRE,E01,2021-05-12,2021-06-09,2021-05-20
H0656,EALGR,E06,2021-05-13,2021-06-10,2021-05-19
H0657,VEASA,E03,2021-05-13,2021-06-10,2021-05-24
H0658,ICKQU,E04,2021-05-14,2021-06-11,2021-05-17
H0659,EENQU,E07,2021-05-14,2021-06-11,2021-05-19
H0660,NGCHU,E07,2021-05-17,2021-06-14,2021-06-23
H0661,NGOHU,E07,2021-05-18,2021-06-15,2021-05-24
H0662,NEPLO,E03,2021-05-18,2021-06-15,2021-05-27
H0663,NAPBO,E03,2021-05-19,2021-06-02,2021-06-11
H0664,RIBFU,E01,2021-05-19,2021-06-16,2021-05-28
H0665,NEPLO,E01,2021-05-20,2021-06-17,2021-05-26
H0666,CSURI,E07,2021-05-21,2021-06-18,2021-05-31
H0667,NSHER,E07,2021-05-21,2021-06-18,2021-05-28
H0668,NDKWA,E01,2021-05-24,2021-06-21,2021-06-01
H0669,MOBSI,E03,2021-05-24,2021-06-21,2021-05-31
H0670,ANKFR,E04,2021-05-25,2021-06-22,2021-05-27
H0671,ANRFR,E01,2021-05-26,2021-06-23,2021-06-02
H0672,RGSBE,E09,2021-05-26,2021-06-09,2021-06-04
H0673,LMKWI,E03,2021-05-27,2021-06-24,2021-05-28
H0674,LATIS,E04,2021-05-27,2021-06-24,2021-06-08
H0675,ANKFR,E04,2021-05-28,2021-06-25,2021-06-01
H0676,RTUTO,E03,2021-05-31,2021-06-28,2021-06-07
H0677,TONAN,E01,2021-05-31,2021-06-28,2021-06-04
H0678,VEASA,E07,2021-06-01,2021-06-29,2021-06-24
H0679,ONPBL,E07,2021-06-01,2021-06-29,2021-06-08
H0680,DWOOL,E01,2021-06-02,2021-06-30,2021-06-04
H0681,EALGR,E03,2021-06-03,2021-07-01,2021-06-08
H0682,TONAN,E03,2021-06-03,2021-07-01,2021-06-09
H0683,MONDU,E03,2021-06-04,2021-07-02,2021-06-09
H0684,TIKOT,E03,2021-06-04,2021-07-02,2021-06-08
H0685,URLGO,E04,2021-06-07,2021-06-21,2021-06-11
H0686,CCOPI,E03,2021-06-08,2021-07-06,2021-06-16
H0687,NGOHU,E09,2021-06-08,2021-07-06,2021-07-08
H0688,FFEVA,E04,2021-06-09,2021-06-23,2021-06-15
H0689,RGSBE,E01,2021-06-09,2021-07-07,2021-06-15
H0690,NARHA,E01,2021-06-10,2021-07-08,2021-06-11
H0691,ICKQU,E03,2021-06-11,2021-07-23,2021-06-30
H0692,RGKMO,E04,2021-06-11,2021-07-09,2021-06-21
H0693,ITCWH,E03,2021-06-14,2021-06-28,2021-06-18
H0694,ICKQU,E07,2021-06-14,2021-07-12,2021-06-17
H0695,LMKWI,E07,2021-06-15,2021-07-27,2021-06-22
H0696,ITCWH,E07,2021-06-16,2021-07-28,2021-06-22
H0697,NODLI,E03,2021-06-16,2021-07-14,2021-06-22
H0698,NSHER,E04,2021-06-17,2021-07-15,2021-06-25
H0699,RGKMO,E03,2021-06-17,2021-07-15,2021-06-21
H0700,VEASA,E03,2021-06-18,2021-07-16,2021-06-24
H0701,NGOHU,E06,2021-06-21,2021-07-05,2021-06-23
H0702,NETVI,E04,2021-06-21,2021-08-02,2021-06-29
H0703,LKOFO,E06,2021-06-22,2021-07-20,2021-06-28
H0704,EENQU,E06,2021-06-22,2021-07-20,2021-07-16
H0705,LAAHI,E09,2021-06-23,2021-07-21,2021-07-27
H0706,DWOOL,E07,2021-06-24,2021-07-22,2021-06-29
H0707,OUTAR,E04,2021-06-24,2021-07-08,2021-07-01
H0708,EBITH,E06,2021-06-25,2021-08-06,2021-07-14
H0709,URLGO,E01,2021-06-25,2021-07-23,2021-07-29
H0710,ANSFR,E01,2021-06-28,2021-07-26,2021-07-01
H0711,VEASA,E04,2021-06-29,2021-08-10,2021-07-07
H0712,NGOHU,E03,2021-06-29,2021-07-27,2021-07-09
H0713,VEASA,E01,2021-06-30,2021-07-28,2021-07-02
H0714,VEASA,E04,2021-06-30,2021-07-28,2021-07-05
H0715,NAPBO,E03,2021-07-01,2021-07-15,2021-07-07
H0716,NCHRA,E04,2021-07-02,2021-07-30,2021-07-05
H0717,ANKFR,E01,2021-07-02,2021-07-30,2021-07-07
H0718,ENEKO,E01,2021-07-05,2021-08-02,2021-07-07
H0719,TSSLE,E07,2021-07-05,2021-08-02,2021-07-14
H0720,EDEQU,E07,2021-07-06,2021-07-20,2021-07-14
H0721,ICKQU,E04,2021-07-07,2021-08-04,2021-07-09
H0722,VEASA,E07,2021-07-07,2021-08-18,2021-07-13
H0723,ITCWH,E03,2021-07-08,2021-08-05,2021-08-03
H0724,REPME,E07,2021-07-08,2021-08-19,2021-07-14
H0725,MIAFA,E04,2021-07-09,2021-08-06,2021-07-14
H0726,STCEA,E04,2021-07-12,2021-07-26,2021-08-13
H0727,GGCRE,E03,2021-07-12,2021-08-09,2021-08-13
H0728,EENQU,E04,2021-07-13,2021-08-10,2021-07-20
H0729,NODLI,E07,2021-07-13,2021-08-24,2021-07-23
H0730,NAPBO,E04,2021-07-14,2021-08-11,2021-07-23
H0731,OPSCH,E07,2021-07-15,2021-08-12,2021-07-23
H0732,NAPBO,E03,2021-07-15,2021-08-12,2021-07-16
H0733,RGSBE,E01,2021-07-16,2021-08-13,2021-07-19
H0734,URLGO,E03,2021-07-16,2021-08-13,2021-07-21
H0735,TSSLE,E06,2021-07-19,2021-08-16,2021-07-30
H0736,NGOHU,E09,2021-07-20,2021-08-17,2021-07-30
H0737,NETVI,E03,2021-07-20,2021-08-17,2021-07-27
H0738,ECDSP,E03,2021-07-21,2021-08-18,2021-07-27
H0739,NETVI,E03,2021-07-21,2021-08-18,2021-07-26
H0740,ITCWH,E04,2021-07-22,2021-08-19,2021-08-03
H0741,OUTAR,E04,2021-07-23,2021-08-06,2021-07-27
H0742,TTMBO,E03,2021-07-23,2021-08-20,2021-07-27
H0743,OUTAR,E01,2021-07-26,2021-08-23,2021-07-30
H0744,FFEVA,E06,2021-07-26,2021-08-23,2021-08-02
H0745,ICKQU,E09,2021-07-27,2021-08-24,2021-08-05
H0746,OPSCH,E01,2021-07-28,2021-08-25,2021-07-30
H0747,CCOPI,E06,2021-07-28,2021-08-25,2021-08-04
H0748,VEASA,E03,2021-07-29,2021-08-26,2021-08-06
H0749,LATIS,E04,2021-07-29,2021-08-26,2021-08-27
H0750,RTHWA,E09,2021-07-30,2021-08-27,2021-08-02
H0751,CSURI,E03,2021-08-02,2021-08-30,2021-08-11
H0752,RTSNO,E03,2021-08-02,2021-08-30,2021-08-06
H0753,ANSFR,E03,2021-08-03,2021-08-31,2021-08-05
H0754,GAAMA,E06,2021-08-03,2021-08-31,2021-08-05
H0755,NAPBO,E04,2021-08-04,2021-09-01,2021-08-06
H0756,LIRSP,E07,2021-08-05,2021-09-02,2021-08-10
H0757,VEASA,E06,2021-08-05,2021-09-02,2021-08-23
H0758,CSURI,E03,2021-08-06,2021-09-03,2021-08-12
H0759,ATRAN,E03,2021-08-06,2021-09-03,2021-08-20
H0760,ISDMA,E04,2021-08-09,2021-09-06,2021-08-18
H0761,TTCRA,E04,2021-08-10,2021-09-07,2021-08-16
H0762,LKOFO,E03,2021-08-10,2021-09-07,2021-08-17
H0763,LIGFO,E03,2021-08-11,2021-09-08,2021-08-16
H0764,NSHER,E06,2021-08-11,2021-09-08,2021-08-16
H0765,ICKQU,E03,2021-08-12,2021-09-09,2021-08-17
H0766,TIKOT,E04,2021-08-13,2021-09-10,2021-08-17
H0767,PRDSU,E04,2021-08-13,2021-09-10,2021-08-23
H0768,OUTAR,E03,2021-08-16,2021-09-13,2021-08-23
H0769,FFEVA,E03,2021-08-16,2021-09-13,2021-08-20
H0770,NARHA,E07,2021-08-17,2021-09-14,2021-08-25
H0771,NSHER,E09,2021-08-18,2021-09-15,2021-09-10
H0772,HMSLE,E03,2021-08-18,2021-09-15,2021-08-27
H0773,NSHER,E01,2021-08-19,2021-09-16,2021-08-24
H0774,LKOFO,E04,2021-08-19,2021-09-02,2021-08-20
H0775,ECRTH,E07,2021-08-20,2021-09-17,2021-09-03
H0776,NSHER,E01,2021-08-23,2021-09-20,2021-08-26
H0777,URLGO,E07,2021-08-23,2021-09-06,2021-09-29
H0778,RGSBE,E03,2021-08-24,2021-09-21,2021-09-01
H0779,RGKMO,E03,2021-08-24,2021-09-21,2021-09-22
H0780,LASLI,E03,2021-08-24,2021-09-07,2021-09-02
H0781,RTHWA,E03,2021-08-25,2021-09-22,2021-08-27
H0782,CTUCA,E09,2021-08-25,2021-09-22,2021-08-30
H0783,NARHA,E04,2021-08-26,2021-09-23,2021-08-27
H0784,GAAMA,E04,2021-08-26,2021-09-23,2021-08-30
H0785,OSRGR,E01,2021-08-26,2021-09-23,2021-09-01
H0786,EENQU,E07,2021-08-27,2021-09-24,2021-08-31
H0787,MAILA,E03,2021-08-27,2021-09-10,2021-09-03
H0788,ICKQU,E01,2021-08-30,2021-09-27,2021-09-27
H0789,LIGFO,E01,2021-08-30,2021-09-27,2021-09-08
H0790,URLGO,E06,2021-08-30,2021-09-27,2021-09-03
H0791,ANKFR,E06,2021-08-31,2021-09-28,2021-09-09
H0792,LZAWO,E01,2021-08-31,2021-09-28,2021-09-08
H0793,OUTAR,E03,2021-09-01,2021-09-29,2021-09-16
H0794,EDEQU,E06,2021-09-01,2021-09-29,2021-09-10
H0795,NSHER,E07,2021-09-01,2021-09-29,2021-09-28
H0796,LAAHI,E03,2021-09-02,2021-09-30,2021-09-22
H0797,ACDDR,E07,2021-09-02,2021-09-30,2021-09-13
H0798,LATIS,E03,2021-09-03,2021-10-01,2021-09-13
H0799,ENEKO,E09,2021-09-03,2021-10-15,2021-09-13
H0800,VESSE,E01,2021-09-03,2021-10-01,2021-09-13
H0801,LIDBO,E04,2021-09-06,2021-10-04,2021-09-08
H0802,MOBSI,E04,2021-09-06,2021-10-04,2021-09-10
H0803,LLIWE,E04,2021-09-07,2021-10-05,2021-09-14
H0804,VESSE,E06,2021-09-07,2021-10-05,2021-09-15
H0805,EBITH,E03,2021-09-07,2021-10-05,2021-09-17
H0806,CTEVI,E03,2021-09-08,2021-10-06,2021-09-13
H0807,ANSFR,E04,2021-09-08,2021-10-06,2021-10-08
H0808,DWOOL,E03,2021-09-09,2021-10-07,2021-09-17
H0809,LLIWE,E07,2021-09-09,2021-10-07,2021-09-15
H0810,UGBLA,E03,2021-09-09,2021-10-07,2021-09-15
H0811,NODLI,E07,2021-09-10,2021-10-08,2021-09-16
H0812,GGCRE,E04,2021-09-10,2021-10-08,2021-09-20
H0813,CARRI,E01,2021-09-13,2021-10-11,2021-09-17
H0814,CTEVI,E03,2021-09-13,2021-10-11,2021-09-22
H0815,VEASA,E03,2021-09-13,2021-10-11,2021-09-22
H0816,EALGR,E04,2021-09-14,2021-10-12,2021-10-13
H0817,ENEKO,E03,2021-09-14,2021-09-28,2021-09-21
H0818,GAAMA,E07,2021-09-15,2021-10-13,2021-09-20
H0819,CTUCA,E03,2021-09-15,2021-10-13,2021-09-24
H0820,TTCRA,E03,2021-09-15,2021-10-13,2021-09-21
H0821,LIRSP,E01,2021-09-16,2021-10-14,2021-09-23
H0822,AIHTR,E06,2021-09-16,2021-10-14,2021-09-24
H0823,LASLI,E04,2021-09-17,2021-10-15,2021-09-21
H0824,LKOFO,E07,2021-09-17,2021-10-15,2021-10-08
H0825,ACDDR,E01,2021-09-17,2021-10-15,2021-09-22
H0826,ONPBL,E06,2021-09-20,2021-10-18,2021-10-15
H0827,NAPBO,E01,2021-09-20,2021-10-04,2021-10-15
H0828,NCHRA,E09,2021-09-21,2021-10-05,2021-10-13
H0829,LATIS,E09,2021-09-21,2021-10-19,2021-10-01
H0830,ADHTR,E04,2021-09-21,2021-11-02,2021-09-29
H0831,NTGSA,E03,2021-09-22,2021-10-20,2021-10-01
H0832,MAILA,E03,2021-09-22,2021-10-20,2021-09-27
H0833,TIKOT,E06,2021-09-23,2021-10-21,2021-10-01
H0834,ADHTR,E01,2021-09-23,2021-10-21,2021-09-27
H0835,NETVI,E01,2021-09-23,2021-10-21,2021-09-29
H0836,NSHER,E07,2021-09-24,2021-10-22,2021-09-29
H0837,RGSBE,E09,2021-09-24,2021-10-22,2021-10-01
H0838,NODLI,E03,2021-09-27,2021-10-25,2021-10-01
H0839,ADHTR,E03,2021-09-27,2021-10-25,2021-09-30
H0840,NODLI,E04,2021-09-27,2021-11-09,2021-10-25
H0841,PRDSU,E04,2021-09-28,2021-10-26,2021-10-07
H0842,RTUTO,E01,2021-09-28,2021-10-26,2021-10-07
H0843,CTEVI,E04,2021-09-29,2021-10-27,2021-10-04
H0844,CCOPI,E07,2021-09-29,2021-10-27,2021-10-04
H0845,ICKQU,E07,2021-09-29,2021-10-13,2021-10-08
H0846,PRDSU,E03,2021-09-30,2021-11-12,2021-10-01
H0847,VEASA,E04,2021-09-30,2021-10-14,2021-10-19
H0848,NSHCO,E07,2021-10-01,2021-10-29,2021-10-07
H0849,ENEKO,E09,2021-10-01,2021-10-29,2021-10-08
H0850,CTEVI,E01,2021-10-01,2021-11-13,2021-10-08
H0851,CARRI,E04,2021-10-04,2021-11-01,2021-10-11
H0852,TTCRA,E07,2021-10-04,2021-10-18,2021-10-08
H0853,AUSBL,E09,2021-10-05,2021-11-02,2021-10-12
H0854,NSHER,E03,2021-10-05,2021-11-02,2021-10-14
H0855,DWOOL,E03,2021-10-05,2021-11-02,2021-10-13
H0856,TONAN,E03,2021-10-06,2021-11-03,2021-10-19
H0857,RGSBE,E07,2021-10-06,2021-11-03,2021-10-15
H0858,CORLA,E03,2021-10-07,2021-11-04,2021-10-12
H0859,ANKFR,E01,2021-10-07,2021-11-04,2021-10-11
H0860,ANRFR,E03,2021-10-07,2021-11-04,2021-10-13
H0861,ITCWH,E04,2021-10-08,2021-11-05,2021-10-26
H0862,HMSLE,E07,2021-10-08,2021-11-20,2021-10-11
H0863,LAAHI,E04,2021-10-11,2021-11-09,2021-10-26
H0864,OUTAR,E04,2021-10-11,2021-11-09,2021-10-18
H0865,ICKQU,E03,2021-10-11,2021-10-25,2021-10-21
H0866,RGSBE,E04,2021-10-12,2021-11-10,2021-10-21
H0867,NEPLO,E06,2021-10-12,2021-11-24,2021-10-20
H0868,EENQU,E07,2021-10-13,2021-11-11,2021-11-01
H0869,VESSE,E04,2021-10-13,2021-11-11,2021-10-18
H0870,LZAWO,E04,2021-10-13,2021-11-11,2021-10-22
H0871,NAPBO,E09,2021-10-14,2021-11-12,2021-10-19
H0872,DOSGO,E04,2021-10-14,2021-11-12,2021-10-18
H0873,LMKWI,E04,2021-10-15,2021-11-13,2021-10-18
H0874,DOSGO,E04,2021-10-15,2021-11-13,2021-10-20
H0875,RGSBE,E04,2021-10-15,2021-11-13,2021-11-10
H0876,NAPBO,E07,2021-10-18,2021-11-16,2021-10-21
H0877,CARRI,E01,2021-10-18,2021-11-16,2021-10-28
H0878,ICKQU,E04,2021-10-19,2021-11-17,2021-10-21
H0879,LMKWI,E03,2021-10-19,2021-11-17,2021-10-21
H0880,LKOFO,E07,2021-10-19,2021-12-01,2021-10-27
H0881,CTUCA,E04,2021-10-20,2021-11-18,2021-10-27
H0882,VEASA,E04,2021-10-20,2021-11-18,2021-10-29
H0883,NEPLO,E07,2021-10-21,2021-11-19,2021-10-29
H0884,TSSLE,E04,2021-10-21,2021-11-19,2021-10-22
H0885,PRDSU,E06,2021-10-21,2021-11-19,2021-10-27
H0886,NARHA,E01,2021-10-22,2021-11-20,2021-11-09
H0887,LEDGA,E07,2021-10-22,2021-11-20,2021-10-25
H0888,DOSGO,E01,2021-10-25,2021-11-23,2021-11-01
H0889,TTCRA,E09,2021-10-25,2021-11-23,2021-11-01
H0890,MONDU,E07,2021-10-25,2021-11-23,2021-10-27
H0891,HMSLE,E07,2021-10-26,2021-11-24,2021-10-28
H0892,ISDMA,E04,2021-10-26,2021-11-24,2021-10-28
H0893,ENEKO,E09,2021-10-27,2021-11-25,2021-10-29
H0894,VEASA,E01,2021-10-27,2021-11-25,2021-10-29
H0895,NSHER,E03,2021-10-27,2021-11-25,2021-11-01
H0896,ISDMA,E07,2021-10-28,2021-11-26,2021-11-05
H0897,NGOHU,E03,2021-10-28,2021-11-26,2021-11-03
H0898,EANOC,E04,2021-10-29,2021-11-27,2021-11-13
H0899,LASLI,E04,2021-10-29,2021-11-27,2021-11-04
H0900,LLIWE,E01,2021-10-29,2021-11-27,2021-11-11
H0901,LAAHI,E04,2021-11-01,2021-11-30,2021-11-04
H0902,LKOFO,E01,2021-11-01,2021-11-30,2021-11-10
H0903,NARHA,E03,2021-11-02,2021-12-01,2021-11-11
H0904,ITCWH,E03,2021-11-02,2021-12-01,2021-11-05
H0905,LLIWE,E09,2021-11-02,2021-12-01,2021-11-13
H0906,LZAWO,E04,2021-11-03,2021-11-18,2021-11-10
H0907,ECDSP,E06,2021-11-03,2021-12-02,2021-11-05
H0908,GGCRE,E04,2021-11-04,2021-12-03,2021-11-13
H0909,NTGSA,E01,2021-11-04,2021-12-03,2021-11-17
H0910,LMKWI,E01,2021-11-04,2021-12-03,2021-11-11
H0911,DOSGO,E03,2021-11-04,2021-12-03,2021-11-12
H0912,NGOHU,E03,2021-11-04,2021-12-03,2021-11-25
H0913,EENQU,E04,2021-11-04,2021-12-03,2021-11-11
H0914,EENQU,E06,2021-11-05,2021-12-04,2021-11-09
H0915,RTUTO,E03,2021-11-05,2021-12-04,2021-11-09
H0916,NCHRA,E01,2021-11-05,2021-12-04,2021-11-16
H0917,MEYRO,E04,2021-11-09,2021-12-07,2021-11-18
H0918,TTMBO,E03,2021-11-09,2021-12-07,2021-11-18
H0919,NODLI,E03,2021-11-09,2021-12-07,2021-11-11
H0920,OUTAR,E04,2021-11-10,2021-12-08,2021-11-16
H0921,FFEVA,E01,2021-11-10,2021-12-22,2021-11-16
H0922,NARHA,E04,2021-11-10,2021-12-08,2021-11-12
H0923,MAILA,E07,2021-11-10,2021-12-22,2021-11-20
H0924,RGSBE,E03,2021-11-11,2021-12-09,2021-12-16
H0925,NARHA,E03,2021-11-11,2021-12-09,2021-11-20
H0926,ATRAN,E04,2021-11-11,2021-12-09,2021-11-18
H0927,CORLA,E04,2021-11-12,2021-12-10,2021-12-16
H0928,LEDGA,E01,2021-11-12,2021-12-10,2021-11-25
H0929,ANKFR,E06,2021-11-12,2021-12-10,2021-11-19
H0930,PRDSU,E04,2021-11-13,2021-12-25,2021-11-25
H0931,CSURI,E04,2021-11-13,2021-11-27,2021-11-26
H0932,NAPBO,E07,2021-11-13,2021-12-11,2021-12-01
H0933,LATIS,E06,2021-11-13,2021-12-11,2021-11-23
H0934,HMSLE,E03,2021-11-16,2021-12-14,2021-11-19
H0935,LLIWE,E04,2021-11-16,2021-12-14,2021-11-25
H0936,EALGR,E03,2021-11-16,2021-12-14,2021-11-25
H0937,CTUCA,E07,2021-11-17,2021-12-01,2021-11-20
H0938,ICKQU,E03,2021-11-17,2021-12-15,2021-11-23
H0939,GAAMA,E03,2021-11-17,2021-12-15,2021-11-20
H0940,NAPBO,E07,2021-11-18,2021-12-16,2021-11-30
H0941,VEASA,E07,2021-11-18,2021-12-16,2021-11-27
H0942,GGCRE,E09,2021-11-18,2021-12-16,2021-11-25
H0943,BEVBS,E04,2021-11-18,2021-12-16,2021-11-26
H0944,TTMBO,E06,2021-11-19,2021-12-03,2021-11-20
H0945,RGKMO,E04,2021-11-19,2021-12-17,2021-11-25
H0946,FFEVA,E01,2021-11-19,2021-12-17,2021-11-26
H0947,BEVBS,E03,2021-11-20,2021-12-18,2021-11-23
H0948,DOSGO,E03,2021-11-20,2021-12-18,2021-11-26
H0949,TTMBO,E03,2021-11-20,2021-12-18,2021-11-24
H0950,GAAMA,E01,2021-11-23,2021-12-21,2021-11-30
H0951,CSURI,E09,2021-11-23,2022-01-04,2021-12-15
H0952,FKIAL,E01,2021-11-23,2022-01-04,2021-12-01
H0953,OUTAR,E09,2021-11-23,2021-12-07,2021-12-02
H0954,NODLI,E04,2021-11-24,2022-01-05,2021-11-27
H0955,LKOFO,E07,2021-11-24,2021-12-22,2021-11-27
H0956,AUSBL,E06,2021-11-24,2022-01-05,2021-11-27
H0957,LAAHI,E07,2021-11-25,2021-12-23,2021-12-04
H0958,EANOC,E07,2021-11-25,2021-12-23,2021-12-04
H0959,URLGO,E06,2021-11-25,2022-01-06,2021-11-30
H0960,LAAHI,E03,2021-11-26,2021-12-10,2021-12-16
H0961,EENQU,E07,2021-11-26,2021-12-24,2021-12-07
H0962,ICKQU,E07,2021-11-26,2021-12-24,2021-11-30
H0963,RIBFU,E09,2021-11-26,2021-12-24,2021-12-03
H0964,ECDSP,E03,2021-11-27,2021-12-25,2021-12-01
H0965,DWOOL,E06,2021-11-27,2021-12-25,2021-12-07
H0966,OPSCH,E04,2021-11-27,2021-12-25,2021-12-16
H0967,MSPTO,E03,2021-11-30,2021-12-28,2021-12-10
H0968,NSHER,E01,2021-11-30,2021-12-28,2021-12-09
H0969,MMICO,E01,2021-11-30,2021-12-28,2021-12-07
H0970,LIDBO,E09,2021-12-01,2021-12-15,2022-01-01
H0971,ANRFR,E03,2021-12-01,2021-12-29,2021-12-10
H0972,CORLA,E04,2021-12-01,2021-12-29,2021-12-03
H0973,CORLA,E06,2021-12-01,2021-12-29,2021-12-04
H0974,LIRSP,E03,2021-12-02,2021-12-16,2021-12-11
H0975,TTMBO,E01,2021-12-02,2021-12-30,2021-12-04
H0976,LAAHI,E01,2021-12-02,2022-01-13,2021-12-11
H0977,LKOFO,E07,2021-12-03,2021-12-31,2021-12-18
H0978,ISDMA,E09,2021-12-03,2021-12-31,2021-12-31
H0979,NSHER,E07,2021-12-03,2021-12-31,2021-12-08
H0980,LKOFO,E04,2021-12-04,2022-01-15,2021-12-25
H0981,NARHA,E01,2021-12-04,2022-01-01,2021-12-10
H0982,TTMBO,E03,2021-12-04,2022-01-01,2021-12-16
H0983,VEASA,E03,2021-12-04,2022-01-01,2021-12-14
H0984,VEASA,E01,2021-12-07,2022-01-04,2021-12-11
H0985,NGOHU,E03,2021-12-07,2022-01-04,2021-12-10
H0986,EANOC,E07,2021-12-07,2022-01-04,2021-12-29
H0987,STCEA,E07,2021-12-08,2022-01-05,2021-12-14
H0988,TTCRA,E03,2021-12-08,2022-01-05,2021-12-18
H0989,EDEQU,E03,2021-12-08,2022-01-05,2021-12-10
H0990,NSHER,E03,2021-12-09,2022-01-20,2021-12-15
H0991,ICKQU,E01,2021-12-09,2022-01-06,2021-12-15
H0992,EBITH,E01,2021-12-09,2022-01-06,2021-12-11
H0993,LKOFO,E07,2021-12-09,2022-01-06,2021-12-18
H0994,FFEVA,E03,2021-12-10,2021-12-24,2021-12-17
H0995,RICPE,E01,2021-12-10,2022-01-07,2021-12-14
H0996,ICKQU,E04,2021-12-10,2022-01-07,2021-12-18
H0997,LASLI,E07,2021-12-11,2022-01-22,2021-12-21
H0998,LZAWO,E07,2021-12-11,2021-12-25,2021-12-25
H0999,TIKOT,E06,2021-12-11,2022-01-08,2021-12-18
H1000,TTCRA,E03,2021-12-14,2022-01-11,2021-12-22
H1001,LKOFO,E03,2021-12-14,2022-01-11,2021-12-22
H1002,VEASA,E04,2021-12-14,2022-01-11,2021-12-24
H1003,ECRTH,E03,2021-12-14,2022-01-11,2021-12-16
H1004,ISDMA,E03,2021-12-15,2022-01-12,2021-12-28
H1005,LMKWI,E03,2021-12-15,2022-01-12,2021-12-18
H1006,EALGR,E03,2021-12-15,2022-01-12,2021-12-23
H1007,INIPR,E07,2021-12-16,2022-01-13,2021-12-21
H1008,NSHER,E07,2021-12-16,2022-01-13,2021-12-21
H1009,DOSGO,E03,2021-12-16,2022-01-13,2021-12-18
H1010,GGCRE,E03,2021-12-17,2022-01-14,2021-12-29
H1011,FKIAL,E03,2021-12-17,2022-01-14,2021-12-21
H1012,ANKFR,E01,2021-12-17,2021-12-31,2021-12-25
H1013,MEYRO,E03,2021-12-17,2022-01-14,2021-12-18
H1014,NODLI,E03,2021-12-18,2022-01-15,2021-12-23
H1015,NTGSA,E03,2021-12-18,2022-01-01,2021-12-28
H1016,OUTAR,E09,2021-12-18,2022-01-15,2021-12-21
H1017,NSHER,E09,2021-12-21,2022-01-18,2021-12-28
H1018,NEPLO,E04,2021-12-21,2022-01-18,2021-12-24
H1019,NCHRA,E06,2021-12-21,2022-01-18,2021-12-26
H1020,TIKOT,E03,2021-12-22,2022-01-19,2021-12-24
H1021,ICKQU,E03,2021-12-22,2022-01-19,2021-12-29
H1022,NARHA,E09,2021-12-22,2022-01-19,2022-01-11
H1023,BEVBS,E01,2021-12-22,2022-01-05,2022-01-01
H1024,STCEA,E04,2021-12-23,2022-01-20,2021-12-28
H1025,RTHWA,E06,2021-12-23,2022-01-20,2022-01-01
H1026,ANSFR,E04,2021-12-23,2022-01-20,2022-01-05
H1027,TTMBO,E01,2021-12-24,2022-01-21,2021-12-28
H1028,ENEKO,E03,2021-12-24,2022-01-21,2021-12-30
H1029,OPSCH,E04,2021-12-24,2022-01-21,2022-01-04
H1030,VEASA,E07,2021-12-25,2022-01-22,2022-01-04
H1031,VEASA,E06,2021-12-25,2022-01-22,2022-01-01
H1032,ITCWH,E03,2021-12-25,2022-01-22,2021-12-31
H1033,CSURI,E07,2021-12-25,2022-01-22,2021-12-31
H1034,DWOOL,E07,2021-12-28,2022-02-08,2022-01-04
H1035,PRDSU,E03,2021-12-28,2022-01-25,2022-01-01
H1036,ACDDR,E07,2021-12-28,2022-01-25,2021-12-30
H1037,DOSGO,E07,2021-12-29,2022-01-26,2022-01-04
H1038,PRDSU,E01,2021-12-29,2022-01-26,2022-01-07
H1039,NODLI,E01,2021-12-29,2022-01-26,2022-01-03
H1040,EALGR,E04,2021-12-30,2022-01-27,2022-01-04
H1041,OPSCH,E03,2021-12-30,2022-01-27,2022-01-05
H1042,MMICO,E03,2021-12-30,2022-01-13,2022-01-08
H1043,ECDSP,E04,2021-12-30,2022-01-27,2022-01-06
H1044,LZAWO,E04,2021-12-31,2022-01-28,2022-01-08
H1045,TTMBO,E06,2021-12-31,2022-01-28,2022-01-05
H1046,NDKWA,E07,2021-12-31,2022-01-28,2022-01-01
H1047,STCEA,E07,2022-01-01,2022-01-29,2022-01-08
H1048,TTMBO,E07,2022-01-01,2022-01-29,2022-01-07
H1049,URLGO,E03,2022-01-01,2022-01-29,2022-01-11
H1050,LKOFO,E07,2022-01-04,2022-02-01,2022-01-12
H1051,MAILA,E07,2022-01-04,2022-02-01,2022-01-09
H1052,NARHA,E03,2022-01-04,2022-02-01,2022-01-08
H1053,CCOPI,E03,2022-01-04,2022-02-01,2022-01-06
H1054,CTUCA,E07,2022-01-05,2022-02-02,2022-01-10
H1055,LAAHI,E07,2022-01-05,2022-02-02,2022-01-12
H1056,STCEA,E07,2022-01-05,2022-01-19,2022-01-08
H1057,RTSNO,E03,2022-01-06,2022-02-03,2022-01-08
H1058,AUSBL,E09,2022-01-06,2022-02-03,2022-01-11
H1059,CARRI,E03,2022-01-06,2022-02-17,2022-01-11
H1060,ANSFR,E03,2022-01-07,2022-02-04,2022-01-11
H1061,EALGR,E04,2022-01-07,2022-02-18,2022-01-12
H1062,GGCRE,E04,2022-01-07,2022-02-04,2022-01-15
H1063,NGOHU,E03,2022-01-07,2022-02-04,2022-01-13
H1064,VEASA,E01,2022-01-08,2022-02-05,2022-01-11
H1065,LASLI,E07,2022-01-08,2022-02-05,2022-01-16
H1066,ITCWH,E07,2022-01-08,2022-02-05,2022-01-11
H1067,ACDDR,E01,2022-01-11,2022-01-25,2022-01-13
H1068,EENQU,E07,2022-01-11,2022-02-08,2022-01-19
H1069,RTUTO,E01,2022-01-11,2022-02-08,2022-01-13
H1070,HMSLE,E03,2022-01-12,2022-02-09,2022-02-12
H1071,LASLI,E01,2022-01-12,2022-02-09,2022-01-20
H1072,NSHER,E04,2022-01-12,2022-02-09,2022-01-20
H1073,RICPE,E03,2022-01-12,2022-02-09,2022-01-20
H1074,MOBSI,E07,2022-01-13,2022-02-10,2022-01-23
H1075,CSURI,E07,2022-01-13,2022-02-10,2022-01-23
H1076,NAPBO,E04,2022-01-13,2022-02-10,2022-01-23
H1077,TTCRA,E01,2022-01-13,2022-02-10,2022-01-23
